(python-venv) zia@Zia:~/serverless-benchmarks/experiments/perf_cost/gcp$ ./run.sh
**** Running benchmarks for GCP with perf-cost ****
Execute benchmark 1_dynamic-html, Python, Concurrent: 50
[21:51:40.688686] SeBS-41c8 Created experiment output at /home/zia/serverless-benchmarks/experiments/perf_cost/gcp/1_dynamic-html
[21:51:40.899771] GCPResources-9384 No resources for GCP found, initialize!
[21:51:40.899961] GCPConfig-f620 Using user-provided config for GCP
[21:51:41.674336] GCP-03ab We found 3 existing deployments! If you want to use any of them, please abort, and provide the resource id in your input config.
[21:51:41.674560] GCP-03ab Deployment resource IDs in the cloud: ['2b487156', 'bbfe86a4', 'c43d440e']
[21:51:41.674850] GCP-03ab Generating unique resource name d9b9fac8
[21:51:42.051100] GCP.GCPStorage-5478 Initialize a new bucket for benchmarks
[21:51:45.786478] Benchmark-7abc Building benchmark 110.dynamic-html. Reason: no cached code package.
[21:51:45.794111] Benchmark-7abc Docker build of benchmark dependencies in container of image spcleth/serverless-benchmarks:build.gcp.python.3.11-1.2.0
[21:51:45.794242] Benchmark-7abc Docker mount of benchmark code from path /home/zia/serverless-benchmarks/experiments/perf_cost/gcp/1_dynamic-html/110.dynamic-html_code/python/3.11/x64/package
[21:51:47.464200] Benchmark-7abc Created code package (source hash: 5b32e29247d7b60c8e4a0d3c0b1bc637), for run on gcp with python:3.11
[21:51:47.465677] GCP-03ab Creating new function! Reason: function sebs_d9b9fac8_110_dynamic_html_python_3_11 not found in cache.
[21:51:47.817909] GCP.GCPStorage-5478 Initialize a new bucket for code deployment
[21:51:49.736972] GCP-03ab Uploading function sebs_d9b9fac8_110_dynamic_html_python_3_11 code to sebs-deployment-d9b9fac8
[21:51:50.868961] GCP-03ab Function sebs_d9b9fac8_110_dynamic_html_python_3_11 has been created!
[21:51:51.132347] GCP-03ab Sleeping for 5 seconds because the created functions is not yet available!
[21:51:56.763432] GCP-03ab Function sebs_d9b9fac8_110_dynamic_html_python_3_11 accepts now unauthenticated invocations!
[21:51:56.765407] GCP-03ab Function sebs_d9b9fac8_110_dynamic_html_python_3_11 - waiting for deployment...
[21:52:32.232218] GCP-03ab Function sebs_d9b9fac8_110_dynamic_html_python_3_11 - deployed!
[21:52:32.233155] Experiment.PerfCost-a104 Begin experiment on memory size 128
[21:52:33.010020] GCP-03ab Uploaded new code package to sebs-deployment-d9b9fac8/x64-110.dynamic-html.zip
[21:53:27.996539] GCP-03ab Waiting for function deployment, 10 retries.
[21:53:36.146161] GCP-03ab Published new function code and configuration.
[21:53:36.146590] Experiment.PerfCost-a104 Begin cold experiments
[21:54:31.164358] GCP-03ab Waiting for function deployment, 10 retries.
[21:54:36.410765] GCP-03ab Published new function configuration.
[21:54:36.681914] GCP-03ab Redeployed 1 out of 1
[21:54:58.791508] Experiment.PerfCost-a104 Processed 0 warm-up samples, ignoring these results.
[21:56:02.045921] GCP-03ab Waiting for function deployment, 10 retries.
[21:56:07.223462] GCP-03ab Published new function configuration.
[21:56:07.451113] GCP-03ab Redeployed 1 out of 1
[21:56:22.929922] GCP.HTTPTrigger-8a80 Invocation on URL https://europe-west1-grounded-braid-458419-c5.cloudfunctions.net/sebs_d9b9fac8_110_dynamic_html_python_3_11 failed!
[21:56:22.930149] GCP.HTTPTrigger-8a80 Output: upstream request timeout
[21:56:30.479955] Experiment.PerfCost-a104 Invocation gh5tdrl1df19 is not cold!
[21:56:30.480225] Experiment.PerfCost-a104 Invocation fzltukigib41 is not cold!
[21:56:30.582866] Experiment.PerfCost-a104 Invocation 3uplwyyykqhn is not cold!
[21:56:30.583366] Experiment.PerfCost-a104 Invocation jgix7mx8ysjw is not cold!
[21:56:30.583476] Experiment.PerfCost-a104 Invocation 8ltoziymrmfm is not cold!
[21:56:30.583537] Experiment.PerfCost-a104 Processed 44 samples out of 250, 1 errors
[21:57:30.144154] GCP-03ab Waiting for function deployment, 10 retries.
[21:57:43.493641] GCP-03ab Published new function configuration.
[21:57:43.575467] GCP-03ab Redeployed 1 out of 1
[21:58:02.307316] Experiment.PerfCost-a104 Invocation tiohq3g3goc2 is not cold!
[21:58:02.367564] Experiment.PerfCost-a104 Processed 93 samples out of 250, 1 errors
[21:59:04.869647] GCP-03ab Waiting for function deployment, 10 retries.
[21:59:10.068611] GCP-03ab Published new function configuration.
[21:59:10.162126] GCP-03ab Redeployed 1 out of 1
[21:59:29.420280] Experiment.PerfCost-a104 Invocation ckiuiomvoqrp is not cold!
[21:59:29.432924] Experiment.PerfCost-a104 Invocation 8aejo3p0nicj is not cold!
[21:59:29.433507] Experiment.PerfCost-a104 Processed 141 samples out of 250, 1 errors
[22:00:33.263892] GCP-03ab Waiting for function deployment, 10 retries.
[22:00:38.590302] GCP-03ab Published new function configuration.
[22:00:38.677003] GCP-03ab Redeployed 1 out of 1
[22:00:58.888096] GCP.HTTPTrigger-8a80 Invocation on URL https://europe-west1-grounded-braid-458419-c5.cloudfunctions.net/sebs_d9b9fac8_110_dynamic_html_python_3_11 failed!
[22:00:58.888353] GCP.HTTPTrigger-8a80 No output provided!
[22:00:59.114203] GCP.HTTPTrigger-8a80 Invocation on URL https://europe-west1-grounded-braid-458419-c5.cloudfunctions.net/sebs_d9b9fac8_110_dynamic_html_python_3_11 failed!
[22:00:59.114374] GCP.HTTPTrigger-8a80 No output provided!
[22:01:00.033800] Experiment.PerfCost-a104 Invocation ojhashufu7x3 is not cold!
[22:01:00.034126] Experiment.PerfCost-a104 Processed 188 samples out of 250, 3 errors
[22:02:02.402502] GCP-03ab Waiting for function deployment, 10 retries.
[22:02:12.865984] GCP-03ab Published new function configuration.
[22:02:12.961627] GCP-03ab Redeployed 1 out of 1
[22:02:31.890009] Experiment.PerfCost-a104 Invocation 2gohmt0hwosw is not cold!
[22:02:31.890234] Experiment.PerfCost-a104 Invocation 79y7vvyct82s is not cold!
[22:02:31.890686] Experiment.PerfCost-a104 Processed 236 samples out of 250, 3 errors
[22:03:34.154349] GCP-03ab Waiting for function deployment, 10 retries.
[22:03:39.330324] GCP-03ab Published new function configuration.
[22:03:39.418561] GCP-03ab Redeployed 1 out of 1
[22:04:02.113648] Experiment.PerfCost-a104 Invocation m2xcdp2szti2 is not cold!
[22:04:02.113858] Experiment.PerfCost-a104 Invocation 2n37kh7xof09 is not cold!
[22:04:02.114154] Experiment.PerfCost-a104 Processed 284 samples out of 250, 3 errors
[22:04:07.117841] Experiment.PerfCost-a104 Mean 12592.310302816903 [ms], median 13157.554 [ms], std 3182.686331604939, CV 25.274840399167825
[22:04:07.118691] Experiment.PerfCost-a104 Parametric CI (Student's t-distribution) 0.95 from 12219.910031004081 to 12964.710574629724, within 2.9573625717396377% of mean
[22:04:07.118813] Experiment.PerfCost-a104 Non-parametric CI 0.95 from 12904.434 to 13502.028, within 2.2709160076409374% of median
[22:04:07.119433] Experiment.PerfCost-a104 Parametric CI (Student's t-distribution) 0.99 from 12101.67863393689 to 13082.941971696915, within 3.8962800080479125% of mean
[22:04:07.119540] Experiment.PerfCost-a104 Non-parametric CI 0.99 from 12717.792 to 13591.458, within 3.3200167751544134% of median
[22:04:14.182923] Experiment.PerfCost-a104 Begin warm experiments
[22:04:37.691028] Experiment.PerfCost-a104 Processed 0 warm-up samples, ignoring these results.
[22:04:54.260135] GCP.HTTPTrigger-8a80 Invocation on URL https://europe-west1-grounded-braid-458419-c5.cloudfunctions.net/sebs_d9b9fac8_110_dynamic_html_python_3_11 failed!
[22:04:54.260480] GCP.HTTPTrigger-8a80 Output: Service Unavailable
[22:04:59.324613] GCP.HTTPTrigger-8a80 Invocation on URL https://europe-west1-grounded-braid-458419-c5.cloudfunctions.net/sebs_d9b9fac8_110_dynamic_html_python_3_11 failed!
[22:04:59.324771] GCP.HTTPTrigger-8a80 No output provided!
[22:05:02.601016] Experiment.PerfCost-a104 Invocation 5etxpu69kt50 is cold!
[22:05:02.601218] Experiment.PerfCost-a104 Invocation 0e52sg1om5os is cold!
[22:05:02.601625] Experiment.PerfCost-a104 Invocation a6sthk7fbs6q is cold!
[22:05:02.601991] Experiment.PerfCost-a104 Invocation 9b1rswledvx2 is cold!
[22:05:02.602102] Experiment.PerfCost-a104 Invocation pdzej47kpqrr is cold!
[22:05:02.602185] Experiment.PerfCost-a104 Invocation qaj0p8wz2tsc is cold!
[22:05:02.602249] Experiment.PerfCost-a104 Invocation arek9yvp34sk is cold!
[22:05:02.602330] Experiment.PerfCost-a104 Invocation 6s9aiqln9dkh is cold!
[22:05:02.602399] Experiment.PerfCost-a104 Invocation ak5mijnxyr56 is cold!
[22:05:02.602474] Experiment.PerfCost-a104 Invocation a5gnyaoajp33 is cold!
[22:05:02.602531] Experiment.PerfCost-a104 Invocation 648dt2pvj23j is cold!
[22:05:02.602613] Experiment.PerfCost-a104 Invocation 6cscb3ytxxhe is cold!
[22:05:02.602676] Experiment.PerfCost-a104 Invocation hcdybh154n34 is cold!
[22:05:02.602744] Experiment.PerfCost-a104 Invocation 45hkl9q1xkbf is cold!
[22:05:02.602798] Experiment.PerfCost-a104 Processed 34 samples out of 250, 2 errors
[22:05:32.586191] Experiment.PerfCost-a104 Invocation o4oljo8ixpcq is cold!
[22:05:32.586380] Experiment.PerfCost-a104 Invocation gdd4z99oyj24 is cold!
[22:05:32.586709] Experiment.PerfCost-a104 Invocation 09fef84vonkr is cold!
[22:05:32.586821] Experiment.PerfCost-a104 Invocation 5jws384raubh is cold!
[22:05:32.586905] Experiment.PerfCost-a104 Invocation 3rzy8wrvmswm is cold!
[22:05:32.586982] Experiment.PerfCost-a104 Invocation 629fq6x93ycn is cold!
[22:05:32.587054] Experiment.PerfCost-a104 Processed 78 samples out of 250, 2 errors
[22:06:00.851518] Experiment.PerfCost-a104 Invocation pcn4dsoys689 is cold!
[22:06:00.852029] Experiment.PerfCost-a104 Invocation 7d7el3tj3tla is cold!
[22:06:00.852132] Experiment.PerfCost-a104 Invocation thnrpeucnp0z is cold!
[22:06:00.852312] Experiment.PerfCost-a104 Invocation 7kjzcy752pzq is cold!
[22:06:00.852397] Experiment.PerfCost-a104 Invocation e93c52e74v3t is cold!
[22:06:00.852464] Experiment.PerfCost-a104 Invocation f7ejl4dcoht9 is cold!
[22:06:00.852546] Experiment.PerfCost-a104 Invocation cunabpzaax57 is cold!
[22:06:00.852622] Experiment.PerfCost-a104 Processed 121 samples out of 250, 2 errors
[22:06:29.142528] Experiment.PerfCost-a104 Invocation 2y2zzxh0ncum is cold!
[22:06:29.142719] Experiment.PerfCost-a104 Invocation 27azxv8mq826 is cold!
[22:06:29.143038] Experiment.PerfCost-a104 Invocation pqv0m2fizyoe is cold!
[22:06:29.143126] Experiment.PerfCost-a104 Invocation z4aa86fhske3 is cold!
[22:06:29.143188] Experiment.PerfCost-a104 Invocation wb49ofiepgxl is cold!
[22:06:29.143228] Experiment.PerfCost-a104 Invocation wy0r6chl9vxh is cold!
[22:06:29.143305] Experiment.PerfCost-a104 Invocation 3xvggru9osfy is cold!
[22:06:29.143369] Experiment.PerfCost-a104 Invocation jzw4z5w9c5j9 is cold!
[22:06:29.143428] Experiment.PerfCost-a104 Invocation sa24zspfe14z is cold!
[22:06:29.143492] Experiment.PerfCost-a104 Invocation 80hzlzff4bfg is cold!
[22:06:29.143571] Experiment.PerfCost-a104 Processed 161 samples out of 250, 2 errors
[22:06:54.166653] Experiment.PerfCost-a104 Invocation m9ts8068jepy is cold!
[22:06:54.166814] Experiment.PerfCost-a104 Invocation c9waom06j5x5 is cold!
[22:06:54.166900] Experiment.PerfCost-a104 Invocation mqmzl0tox9my is cold!
[22:06:54.210916] Experiment.PerfCost-a104 Invocation astjwbkmmkyn is cold!
[22:06:54.211090] Experiment.PerfCost-a104 Invocation njw2eh1p07pa is cold!
[22:06:54.211182] Experiment.PerfCost-a104 Invocation z1madst4cu85 is cold!
[22:06:54.313722] Experiment.PerfCost-a104 Invocation n0jypm4y6bx1 is cold!
[22:06:54.313909] Experiment.PerfCost-a104 Invocation wcysvydssrj4 is cold!
[22:06:54.314018] Experiment.PerfCost-a104 Invocation 4i613j5b9e90 is cold!
[22:06:54.314292] Experiment.PerfCost-a104 Invocation guqpyupu11uz is cold!
[22:06:54.314358] Experiment.PerfCost-a104 Processed 201 samples out of 250, 2 errors
[22:07:18.884976] GCP.HTTPTrigger-8a80 Invocation on URL https://europe-west1-grounded-braid-458419-c5.cloudfunctions.net/sebs_d9b9fac8_110_dynamic_html_python_3_11 failed!
[22:07:18.885154] GCP.HTTPTrigger-8a80 No output provided!
[22:07:22.110996] Experiment.PerfCost-a104 Invocation 6k4hyfihxt42 is cold!
[22:07:22.257229] Experiment.PerfCost-a104 Invocation xu7zou8952be is cold!
[22:07:22.257459] Experiment.PerfCost-a104 Invocation izjaidxi8puu is cold!
[22:07:22.257558] Experiment.PerfCost-a104 Invocation xvtttwbhv5j4 is cold!
[22:07:22.257631] Experiment.PerfCost-a104 Invocation 9r8ld1m0jhph is cold!
[22:07:22.257844] Experiment.PerfCost-a104 Invocation f07p5v20xidx is cold!
[22:07:22.258096] Experiment.PerfCost-a104 Invocation f6ivvviug4uj is cold!
[22:07:22.258194] Experiment.PerfCost-a104 Invocation 3kq7dp87oajq is cold!
[22:07:22.258261] Experiment.PerfCost-a104 Invocation ooullv2rwmnm is cold!
[22:07:22.258312] Experiment.PerfCost-a104 Processed 241 samples out of 250, 3 errors
[22:07:51.044203] Experiment.PerfCost-a104 Invocation kdu9e14ih78y is cold!
[22:07:51.044399] Experiment.PerfCost-a104 Invocation 5f2k7ry4d93t is cold!
[22:07:51.044505] Experiment.PerfCost-a104 Invocation xp9r012apz6b is cold!
[22:07:51.044604] Experiment.PerfCost-a104 Invocation ltueey5yrgpj is cold!
[22:07:51.124309] Experiment.PerfCost-a104 Invocation n19p9g7lw4ki is cold!
[22:07:51.124496] Experiment.PerfCost-a104 Invocation 7m00yv28e6i4 is cold!
[22:07:51.124726] Experiment.PerfCost-a104 Invocation 85cissjc847j is cold!
[22:07:51.125140] Experiment.PerfCost-a104 Invocation c6xgxj9jkw62 is cold!
[22:07:51.125429] Experiment.PerfCost-a104 Invocation jdxktsj1hl41 is cold!
[22:07:51.125524] Experiment.PerfCost-a104 Processed 282 samples out of 250, 3 errors
[22:07:56.130048] Experiment.PerfCost-a104 Mean 14732.35319503546 [ms], median 14788.622500000001 [ms], std 2463.850205313874, CV 16.724077767455015
[22:07:56.130836] Experiment.PerfCost-a104 Parametric CI (Student's t-distribution) 0.95 from 14443.029646092727 to 15021.676743978194, within 1.963865141654561% of mean
[22:07:56.130957] Experiment.PerfCost-a104 Non-parametric CI 0.95 from 14665.905 to 15000.805, within 1.132289366369314% of median
[22:07:56.131532] Experiment.PerfCost-a104 Parametric CI (Student's t-distribution) 0.99 from 14351.167083016482 to 15113.53930705444, within 2.5874081823359463% of mean
[22:07:56.131642] Experiment.PerfCost-a104 Non-parametric CI 0.99 from 14619.106 to 15069.981, within 1.52439823249258% of median
[22:08:03.093937] Benchmark-4c58 Update cached config /home/zia/serverless-benchmarks/experiments/perf_cost/gcp/cache/gcp.json
Execute benchmark 2_dynamic-html, Node.js, Concurrent: 50
[22:08:03.964438] SeBS-e9b3 Created experiment output at /home/zia/serverless-benchmarks/experiments/perf_cost/gcp/2_dynamic-html
[22:08:04.185956] GCPResources-474d Using cached resources for GCP
[22:08:04.186152] GCPConfig-06a7 Loading cached config for GCP
[22:08:04.626937] GCP-ad83 Using existing resource name: d9b9fac8.
[22:08:04.628293] Benchmark-d31e Building benchmark 110.dynamic-html. Reason: no cached code package.
[22:08:04.636956] Benchmark-d31e Docker build of benchmark dependencies in container of image spcleth/serverless-benchmarks:build.gcp.nodejs.20-1.2.0
[22:08:04.637089] Benchmark-d31e Docker mount of benchmark code from path /home/zia/serverless-benchmarks/experiments/perf_cost/gcp/2_dynamic-html/110.dynamic-html_code/nodejs/20/x64/package
[22:08:13.042661] Benchmark-d31e Created code package (source hash: 9765d181f1bf6bd52f9860d69d8d9c6c), for run on gcp with nodejs:20
[22:08:13.044835] GCP-ad83 Creating new function! Reason: function sebs_d9b9fac8_110_dynamic_html_nodejs_20 not found in cache.
[22:08:14.368602] GCP-ad83 Uploading function sebs_d9b9fac8_110_dynamic_html_nodejs_20 code to sebs-deployment-d9b9fac8
[22:08:15.415090] GCP-ad83 Function sebs_d9b9fac8_110_dynamic_html_nodejs_20 has been created!
[22:08:15.661828] GCP-ad83 Sleeping for 5 seconds because the created functions is not yet available!
[22:08:21.245715] GCP-ad83 Function sebs_d9b9fac8_110_dynamic_html_nodejs_20 accepts now unauthenticated invocations!
[22:08:21.247846] GCP-ad83 Function sebs_d9b9fac8_110_dynamic_html_nodejs_20 - waiting for deployment...
[22:09:02.959548] GCP-ad83 Function sebs_d9b9fac8_110_dynamic_html_nodejs_20 - deployed!
[22:09:02.960667] Experiment.PerfCost-9989 Begin experiment on memory size 128
[22:09:04.058129] GCP-ad83 Uploaded new code package to sebs-deployment-d9b9fac8/x64-110.dynamic-html.zip
[22:10:02.209397] GCP-ad83 Waiting for function deployment, 10 retries.
[22:10:07.403196] GCP-ad83 Published new function code and configuration.
[22:10:07.403857] Experiment.PerfCost-9989 Begin cold experiments
[22:11:05.361868] GCP-ad83 Waiting for function deployment, 10 retries.
[22:11:15.784071] GCP-ad83 Published new function configuration.
[22:11:15.867342] GCP-ad83 Redeployed 1 out of 1
[22:11:30.560382] Experiment.PerfCost-9989 Processed 0 warm-up samples, ignoring these results.
[22:12:33.089175] GCP-ad83 Waiting for function deployment, 10 retries.
[22:12:33.182057] GCP-ad83 Published new function configuration.
[22:12:33.272668] GCP-ad83 Redeployed 1 out of 1
[22:12:50.282900] Experiment.PerfCost-9989 Processed 50 samples out of 250, 0 errors
[22:13:49.895908] GCP-ad83 Waiting for function deployment, 10 retries.
[22:13:55.328157] GCP-ad83 Published new function configuration.
[22:13:55.410484] GCP-ad83 Redeployed 1 out of 1
[22:14:11.869158] Experiment.PerfCost-9989 Invocation uobv3d2kfa94 is not cold!
[22:14:12.092253] Experiment.PerfCost-9989 Invocation k201ej05owox is not cold!
[22:14:12.157919] Experiment.PerfCost-9989 Invocation yub84csqf07t is not cold!
[22:14:12.158141] Experiment.PerfCost-9989 Invocation ukpg2h45a1xm is not cold!
[22:14:12.158258] Experiment.PerfCost-9989 Invocation p1eglbiiaqt5 is not cold!
[22:14:12.158367] Experiment.PerfCost-9989 Processed 95 samples out of 250, 0 errors
[22:15:14.476728] GCP-ad83 Waiting for function deployment, 10 retries.
[22:15:24.743881] GCP-ad83 Published new function configuration.
[22:15:24.826221] GCP-ad83 Redeployed 1 out of 1
[22:15:38.679051] Experiment.PerfCost-9989 Invocation 4g4vo7me5sr6 is not cold!
[22:15:38.679268] Experiment.PerfCost-9989 Invocation 15554ztj7xge is not cold!
[22:15:38.679409] Experiment.PerfCost-9989 Invocation pdn2yakphi83 is not cold!
[22:15:38.679538] Experiment.PerfCost-9989 Invocation jxq7ai6n7jjs is not cold!
[22:15:38.705408] Experiment.PerfCost-9989 Processed 141 samples out of 250, 0 errors
[22:16:40.837193] GCP-ad83 Waiting for function deployment, 10 retries.
[22:16:46.004180] GCP-ad83 Published new function configuration.
[22:16:46.189846] GCP-ad83 Redeployed 1 out of 1
[22:17:03.100450] Experiment.PerfCost-9989 Invocation wif1epv0lx5c is not cold!
[22:17:03.100656] Experiment.PerfCost-9989 Invocation ugqn2jqtw7rp is not cold!
[22:17:04.154020] Experiment.PerfCost-9989 Invocation nrltxw9it1sj is not cold!
[22:17:04.154456] Experiment.PerfCost-9989 Invocation es1gfsrm2iau is not cold!
[22:17:04.154546] Experiment.PerfCost-9989 Processed 187 samples out of 250, 0 errors
[22:17:58.694515] GCP-ad83 Published new function configuration.
[22:17:58.775908] GCP-ad83 Redeployed 1 out of 1
[22:18:15.790031] Experiment.PerfCost-9989 Invocation zdk64ycoztyn is not cold!
[22:18:15.790285] Experiment.PerfCost-9989 Processed 236 samples out of 250, 0 errors
[22:19:15.220225] GCP-ad83 Waiting for function deployment, 10 retries.
[22:19:25.495138] GCP-ad83 Published new function configuration.
[22:19:25.604756] GCP-ad83 Redeployed 1 out of 1
[22:19:43.938215] Experiment.PerfCost-9989 Processed 286 samples out of 250, 0 errors
[22:19:48.942391] Experiment.PerfCost-9989 Mean 7771.209185314686 [ms], median 8284.748 [ms], std 2842.0161458585712, CV 36.57109309615743
[22:19:48.943236] Experiment.PerfCost-9989 Parametric CI (Student's t-distribution) 0.95 from 7439.848949545687 to 8102.569421083685, within 4.26394693370464% of mean
[22:19:48.943389] Experiment.PerfCost-9989 Non-parametric CI 0.95 from 8052.773 to 8496.865, within 2.680178081457636% of median
[22:19:48.943948] Experiment.PerfCost-9989 Parametric CI (Student's t-distribution) 0.99 from 7334.6547657086885 to 8207.763604920683, within 5.617586776983916% of mean
[22:19:48.944055] Experiment.PerfCost-9989 Non-parametric CI 0.99 from 7842.086 to 8527.649, within 4.137500621624214% of median
[22:19:53.306866] Experiment.PerfCost-9989 Begin warm experiments
[22:20:11.894151] Experiment.PerfCost-9989 Processed 0 warm-up samples, ignoring these results.
[22:20:31.515420] Experiment.PerfCost-9989 Invocation ucsvfiq6d6mg is cold!
[22:20:31.515579] Experiment.PerfCost-9989 Invocation cgemg21d2d8m is cold!
[22:20:31.515664] Experiment.PerfCost-9989 Invocation v0dd0akzvfq5 is cold!
[22:20:31.515768] Experiment.PerfCost-9989 Invocation 6fke3f4e3ajk is cold!
[22:20:31.515859] Experiment.PerfCost-9989 Invocation f7x481kezhgb is cold!
[22:20:31.515943] Experiment.PerfCost-9989 Invocation q0jhk6gna2hf is cold!
[22:20:31.516042] Experiment.PerfCost-9989 Invocation kt8qnsworfsf is cold!
[22:20:31.516175] Experiment.PerfCost-9989 Invocation tsxaaplq7l29 is cold!
[22:20:31.516319] Experiment.PerfCost-9989 Invocation mddnnubd4br3 is cold!
[22:20:31.516427] Experiment.PerfCost-9989 Invocation u1pwldia9zur is cold!
[22:20:31.516523] Experiment.PerfCost-9989 Invocation a6hyod9gfcr1 is cold!
[22:20:31.516625] Experiment.PerfCost-9989 Invocation 6itl10jpvlih is cold!
[22:20:31.516683] Experiment.PerfCost-9989 Invocation e2jnsbq7vx2u is cold!
[22:20:31.516720] Experiment.PerfCost-9989 Invocation sxwidq8w5sdc is cold!
[22:20:31.636785] Experiment.PerfCost-9989 Invocation bv42p8sfc2o0 is cold!
[22:20:31.636971] Experiment.PerfCost-9989 Invocation otgeelf70l89 is cold!
[22:20:31.637496] Experiment.PerfCost-9989 Invocation ej1m6ut4w0ng is cold!
[22:20:31.637562] Experiment.PerfCost-9989 Invocation fyohwq2s9dlr is cold!
[22:20:31.637608] Experiment.PerfCost-9989 Processed 32 samples out of 250, 0 errors
[22:20:54.263011] Experiment.PerfCost-9989 Invocation r1avyi8up1bm is cold!
[22:20:54.263174] Experiment.PerfCost-9989 Invocation o5nt4jveqhkn is cold!
[22:20:54.263240] Experiment.PerfCost-9989 Invocation 9es0l7uwjwhv is cold!
[22:20:54.281263] Experiment.PerfCost-9989 Invocation pjf4y3kzj6o9 is cold!
[22:20:54.281448] Experiment.PerfCost-9989 Invocation b45pwc5ekyy3 is cold!
[22:20:54.281969] Experiment.PerfCost-9989 Invocation qtgw095mzohf is cold!
[22:20:54.282058] Experiment.PerfCost-9989 Processed 76 samples out of 250, 0 errors
[22:21:14.549615] Experiment.PerfCost-9989 Invocation exezjahrd65k is cold!
[22:21:14.549837] Experiment.PerfCost-9989 Invocation b4f3yjw7kmwl is cold!
[22:21:14.549949] Experiment.PerfCost-9989 Invocation yu77abvi8uqi is cold!
[22:21:14.550262] Experiment.PerfCost-9989 Invocation 5d3fl25vm46a is cold!
[22:21:14.550342] Experiment.PerfCost-9989 Invocation 7up8lxqs957f is cold!
[22:21:14.550427] Experiment.PerfCost-9989 Invocation 3m7930jd3ah8 is cold!
[22:21:14.550501] Experiment.PerfCost-9989 Invocation zpk0uva92c86 is cold!
[22:21:14.550605] Experiment.PerfCost-9989 Processed 119 samples out of 250, 0 errors
[22:21:38.728947] Experiment.PerfCost-9989 Invocation 4kz8irxamtjy is cold!
[22:21:38.729436] Experiment.PerfCost-9989 Invocation wpt8291honqb is cold!
[22:21:38.729545] Experiment.PerfCost-9989 Invocation 2e2vqoaz0n8o is cold!
[22:21:38.729630] Experiment.PerfCost-9989 Invocation p6rt1m6ml2mx is cold!
[22:21:38.729703] Experiment.PerfCost-9989 Invocation aidm05gdk09z is cold!
[22:21:38.729788] Experiment.PerfCost-9989 Processed 164 samples out of 250, 0 errors
[22:21:58.683376] Experiment.PerfCost-9989 Invocation epjcxajing83 is cold!
[22:21:58.683605] Experiment.PerfCost-9989 Invocation 5en72y27bta3 is cold!
[22:21:58.683845] Experiment.PerfCost-9989 Invocation l6ayli9qirmb is cold!
[22:21:58.683983] Experiment.PerfCost-9989 Invocation hcg5q1f8a4vv is cold!
[22:21:58.684186] Experiment.PerfCost-9989 Invocation 9z5e7iq0c6aq is cold!
[22:21:58.684344] Experiment.PerfCost-9989 Invocation y421qqt5dhgq is cold!
[22:21:58.684681] Experiment.PerfCost-9989 Invocation ovvqqoolrg9j is cold!
[22:21:58.684754] Experiment.PerfCost-9989 Invocation q1d6uan7k7vp is cold!
[22:21:58.684823] Experiment.PerfCost-9989 Processed 206 samples out of 250, 0 errors
[22:22:21.120678] Experiment.PerfCost-9989 Invocation 2r6f0i7pgumn is cold!
[22:22:21.120912] Experiment.PerfCost-9989 Invocation 6980ily5pgwy is cold!
[22:22:21.121243] Experiment.PerfCost-9989 Invocation fpo5l59lzdng is cold!
[22:22:21.121343] Experiment.PerfCost-9989 Invocation k8w5b9fahv6w is cold!
[22:22:21.121448] Experiment.PerfCost-9989 Invocation dbet9e58huws is cold!
[22:22:21.121526] Experiment.PerfCost-9989 Processed 251 samples out of 250, 0 errors
[22:22:26.126007] Experiment.PerfCost-9989 Mean 9503.451007968128 [ms], median 9286.866 [ms], std 2057.8299897769075, CV 21.6535023756268
[22:22:26.127276] Experiment.PerfCost-9989 Parametric CI (Student's t-distribution) 0.95 from 9247.123557039475 to 9759.77845889678, within 2.6972038969184595% of mean
[22:22:26.127441] Experiment.PerfCost-9989 Non-parametric CI 0.95 from 9148.173 to 9434.505, within 1.5415964869095695% of median
[22:22:26.128560] Experiment.PerfCost-9989 Parametric CI (Student's t-distribution) 0.99 from 9165.632414374768 to 9841.269601561487, within 3.5546939034053757% of mean
[22:22:26.128697] Experiment.PerfCost-9989 Non-parametric CI 0.99 from 9140.381 to 9446.127, within 1.6461204457994818% of median
[22:22:29.866913] Benchmark-96fa Update cached config /home/zia/serverless-benchmarks/experiments/perf_cost/gcp/cache/gcp.json
Execute benchmark 3_dynamic-html, Python, Concurrent: 1
[22:22:30.707896] SeBS-e911 Created experiment output at /home/zia/serverless-benchmarks/experiments/perf_cost/gcp/3_dynamic-html
[22:22:30.910290] GCPResources-4173 Using cached resources for GCP
[22:22:30.910461] GCPConfig-ac02 Loading cached config for GCP
[22:22:31.336347] GCP-c16b Using existing resource name: d9b9fac8.
[22:22:31.338122] Benchmark-312a Using cached benchmark 110.dynamic-html at /home/zia/serverless-benchmarks/experiments/perf_cost/gcp/cache/110.dynamic-html/gcp/python/3.11/x64/package/110.dynamic-html.zip
[22:22:31.338568] GCP-c16b Using cached function sebs_d9b9fac8_110_dynamic_html_python_3_11 in /home/zia/serverless-benchmarks/experiments/perf_cost/gcp/cache/110.dynamic-html/gcp/python/3.11/x64/package/110.dynamic-html.zip
[22:22:31.338851] GCP-c16b Cached function sebs_d9b9fac8_110_dynamic_html_python_3_11 is up to date.
[22:22:31.339081] Experiment.PerfCost-a6e3 Begin experiment on memory size 128
[22:22:32.307678] GCP-c16b Uploaded new code package to sebs-deployment-d9b9fac8/x64-110.dynamic-html.zip
[22:23:30.657410] GCP-c16b Waiting for function deployment, 10 retries.
[22:23:30.881481] GCP-c16b Published new function code and configuration.
[22:23:30.881972] Experiment.PerfCost-a6e3 Begin cold experiments
[22:24:21.074635] GCP-c16b Published new function configuration.
[22:24:21.162982] GCP-c16b Redeployed 1 out of 1
[22:24:26.165104] GCP.HTTPTrigger-806c Invoke function https://europe-west1-grounded-braid-458419-c5.cloudfunctions.net/sebs_d9b9fac8_110_dynamic_html_python_3_11
[22:24:40.629654] GCP.HTTPTrigger-806c Invocation on URL https://europe-west1-grounded-braid-458419-c5.cloudfunctions.net/sebs_d9b9fac8_110_dynamic_html_python_3_11 failed!
[22:24:40.629731] GCP.HTTPTrigger-806c No output provided!
[22:24:40.629950] Experiment.PerfCost-a6e3 Processed 0 warm-up samples, ignoring these results.
[22:25:43.824406] GCP-c16b Waiting for function deployment, 10 retries.
[22:25:54.098276] GCP-c16b Published new function configuration.
[22:25:54.191113] GCP-c16b Redeployed 1 out of 1
[22:25:59.194922] GCP.HTTPTrigger-806c Invoke function https://europe-west1-grounded-braid-458419-c5.cloudfunctions.net/sebs_d9b9fac8_110_dynamic_html_python_3_11
[22:26:02.682434] GCP.HTTPTrigger-806c Invoke of function was successful
[22:26:02.683501] Experiment.PerfCost-a6e3 Processed 1 samples out of 50, 1 errors
[22:27:05.360939] GCP-c16b Waiting for function deployment, 10 retries.
[22:27:15.791390] GCP-c16b Published new function configuration.
[22:27:15.878015] GCP-c16b Redeployed 1 out of 1
[22:27:20.882449] GCP.HTTPTrigger-806c Invoke function https://europe-west1-grounded-braid-458419-c5.cloudfunctions.net/sebs_d9b9fac8_110_dynamic_html_python_3_11
[22:27:24.289677] GCP.HTTPTrigger-806c Invoke of function was successful
[22:27:24.290600] Experiment.PerfCost-a6e3 Processed 2 samples out of 50, 1 errors
[22:28:26.666964] GCP-c16b Waiting for function deployment, 10 retries.
[22:28:39.860509] GCP-c16b Published new function configuration.
[22:28:39.943191] GCP-c16b Redeployed 1 out of 1
[22:28:44.947092] GCP.HTTPTrigger-806c Invoke function https://europe-west1-grounded-braid-458419-c5.cloudfunctions.net/sebs_d9b9fac8_110_dynamic_html_python_3_11
[22:28:48.322457] GCP.HTTPTrigger-806c Invoke of function was successful
[22:28:48.323617] Experiment.PerfCost-a6e3 Processed 3 samples out of 50, 1 errors
[22:29:51.023008] GCP-c16b Waiting for function deployment, 10 retries.
[22:30:01.279738] GCP-c16b Published new function configuration.
[22:30:01.363448] GCP-c16b Redeployed 1 out of 1
[22:30:06.365347] GCP.HTTPTrigger-806c Invoke function https://europe-west1-grounded-braid-458419-c5.cloudfunctions.net/sebs_d9b9fac8_110_dynamic_html_python_3_11
[22:30:09.866918] GCP.HTTPTrigger-806c Invoke of function was successful
[22:30:09.867943] Experiment.PerfCost-a6e3 Processed 4 samples out of 50, 1 errors
[22:31:12.500567] GCP-c16b Waiting for function deployment, 10 retries.
[22:31:28.007884] GCP-c16b Published new function configuration.
[22:31:28.095520] GCP-c16b Redeployed 1 out of 1
[22:31:36.032555] GCP.HTTPTrigger-806c Invoke function https://europe-west1-grounded-braid-458419-c5.cloudfunctions.net/sebs_d9b9fac8_110_dynamic_html_python_3_11
[22:31:39.898079] GCP.HTTPTrigger-806c Invoke of function was successful
[22:31:39.899162] Experiment.PerfCost-a6e3 Processed 5 samples out of 50, 1 errors
[22:32:39.295858] GCP-c16b Waiting for function deployment, 10 retries.
[22:32:39.386565] GCP-c16b Published new function configuration.
[22:32:39.669137] GCP-c16b Redeployed 1 out of 1
[22:32:47.605718] GCP.HTTPTrigger-806c Invoke function https://europe-west1-grounded-braid-458419-c5.cloudfunctions.net/sebs_d9b9fac8_110_dynamic_html_python_3_11
[22:32:51.065472] GCP.HTTPTrigger-806c Invoke of function was successful
[22:32:51.066396] Experiment.PerfCost-a6e3 Processed 6 samples out of 50, 1 errors
[22:33:51.914091] GCP-c16b Waiting for function deployment, 10 retries.
[22:33:51.999590] GCP-c16b Published new function configuration.
[22:33:52.080484] GCP-c16b Redeployed 1 out of 1
[22:33:57.083894] GCP.HTTPTrigger-806c Invoke function https://europe-west1-grounded-braid-458419-c5.cloudfunctions.net/sebs_d9b9fac8_110_dynamic_html_python_3_11
[22:34:00.984241] GCP.HTTPTrigger-806c Invoke of function was successful
[22:34:00.985099] Experiment.PerfCost-a6e3 Processed 7 samples out of 50, 1 errors
[22:35:03.230321] GCP-c16b Waiting for function deployment, 10 retries.
[22:35:03.325904] GCP-c16b Published new function configuration.
[22:35:03.425841] GCP-c16b Redeployed 1 out of 1
[22:35:08.429224] GCP.HTTPTrigger-806c Invoke function https://europe-west1-grounded-braid-458419-c5.cloudfunctions.net/sebs_d9b9fac8_110_dynamic_html_python_3_11
[22:35:11.702159] GCP.HTTPTrigger-806c Invoke of function was successful
[22:35:11.703004] Experiment.PerfCost-a6e3 Processed 8 samples out of 50, 1 errors
[22:36:13.988700] GCP-c16b Waiting for function deployment, 10 retries.
[22:36:19.167586] GCP-c16b Published new function configuration.
[22:36:19.251546] GCP-c16b Redeployed 1 out of 1
[22:36:24.256410] GCP.HTTPTrigger-806c Invoke function https://europe-west1-grounded-braid-458419-c5.cloudfunctions.net/sebs_d9b9fac8_110_dynamic_html_python_3_11
[22:36:27.545412] GCP.HTTPTrigger-806c Invoke of function was successful
[22:36:27.546240] Experiment.PerfCost-a6e3 Processed 9 samples out of 50, 1 errors
[22:37:30.006687] GCP-c16b Waiting for function deployment, 10 retries.
[22:37:30.253372] GCP-c16b Published new function configuration.
[22:37:30.488515] GCP-c16b Redeployed 1 out of 1
[22:37:35.493141] GCP.HTTPTrigger-806c Invoke function https://europe-west1-grounded-braid-458419-c5.cloudfunctions.net/sebs_d9b9fac8_110_dynamic_html_python_3_11
[22:37:39.335219] GCP.HTTPTrigger-806c Invoke of function was successful
[22:37:39.336485] Experiment.PerfCost-a6e3 Processed 10 samples out of 50, 1 errors
[22:38:41.814193] GCP-c16b Waiting for function deployment, 10 retries.
[22:38:47.012860] GCP-c16b Published new function configuration.
[22:38:47.125205] GCP-c16b Redeployed 1 out of 1
[22:38:55.061634] GCP.HTTPTrigger-806c Invoke function https://europe-west1-grounded-braid-458419-c5.cloudfunctions.net/sebs_d9b9fac8_110_dynamic_html_python_3_11
[22:38:58.874231] GCP.HTTPTrigger-806c Invoke of function was successful
[22:38:58.875073] Experiment.PerfCost-a6e3 Processed 11 samples out of 50, 1 errors
[22:39:58.136277] GCP-c16b Waiting for function deployment, 10 retries.
[22:40:06.257331] GCP-c16b Published new function configuration.
[22:40:06.374896] GCP-c16b Redeployed 1 out of 1
[22:40:11.379921] GCP.HTTPTrigger-806c Invoke function https://europe-west1-grounded-braid-458419-c5.cloudfunctions.net/sebs_d9b9fac8_110_dynamic_html_python_3_11
[22:40:15.049846] GCP.HTTPTrigger-806c Invoke of function was successful
[22:40:15.050835] Experiment.PerfCost-a6e3 Processed 12 samples out of 50, 1 errors
[22:41:17.224142] GCP-c16b Waiting for function deployment, 10 retries.
[22:41:27.478739] GCP-c16b Published new function configuration.
[22:41:27.563842] GCP-c16b Redeployed 1 out of 1
[22:41:32.568139] GCP.HTTPTrigger-806c Invoke function https://europe-west1-grounded-braid-458419-c5.cloudfunctions.net/sebs_d9b9fac8_110_dynamic_html_python_3_11
[22:41:37.199526] GCP.HTTPTrigger-806c Invoke of function was successful
[22:41:37.200360] Experiment.PerfCost-a6e3 Processed 13 samples out of 50, 1 errors
[22:42:39.374836] GCP-c16b Waiting for function deployment, 10 retries.
[22:42:49.645791] GCP-c16b Published new function configuration.
[22:42:49.726345] GCP-c16b Redeployed 1 out of 1
[22:42:54.728095] GCP.HTTPTrigger-806c Invoke function https://europe-west1-grounded-braid-458419-c5.cloudfunctions.net/sebs_d9b9fac8_110_dynamic_html_python_3_11
[22:43:01.583556] GCP.HTTPTrigger-806c Invoke of function was successful
[22:43:01.584457] Experiment.PerfCost-a6e3 Processed 14 samples out of 50, 1 errors
[22:44:00.941476] GCP-c16b Waiting for function deployment, 10 retries.
[22:44:06.253052] GCP-c16b Published new function configuration.
[22:44:06.340017] GCP-c16b Redeployed 1 out of 1
[22:44:14.275708] GCP.HTTPTrigger-806c Invoke function https://europe-west1-grounded-braid-458419-c5.cloudfunctions.net/sebs_d9b9fac8_110_dynamic_html_python_3_11
[22:44:17.279197] GCP.HTTPTrigger-806c Invoke of function was successful
[22:44:17.280103] Experiment.PerfCost-a6e3 Processed 15 samples out of 50, 1 errors
[22:45:16.484897] GCP-c16b Waiting for function deployment, 10 retries.
[22:45:29.745430] GCP-c16b Published new function configuration.
[22:45:29.867080] GCP-c16b Redeployed 1 out of 1
[22:45:34.871124] GCP.HTTPTrigger-806c Invoke function https://europe-west1-grounded-braid-458419-c5.cloudfunctions.net/sebs_d9b9fac8_110_dynamic_html_python_3_11
[22:45:38.607863] GCP.HTTPTrigger-806c Invoke of function was successful
[22:45:38.608697] Experiment.PerfCost-a6e3 Processed 16 samples out of 50, 1 errors
[22:46:40.785649] GCP-c16b Waiting for function deployment, 10 retries.
[22:46:40.873140] GCP-c16b Published new function configuration.
[22:46:40.969952] GCP-c16b Redeployed 1 out of 1
[22:46:45.973275] GCP.HTTPTrigger-806c Invoke function https://europe-west1-grounded-braid-458419-c5.cloudfunctions.net/sebs_d9b9fac8_110_dynamic_html_python_3_11
[22:46:49.272313] GCP.HTTPTrigger-806c Invoke of function was successful
[22:46:49.273189] Experiment.PerfCost-a6e3 Processed 17 samples out of 50, 1 errors
[22:47:48.822375] GCP-c16b Waiting for function deployment, 10 retries.
[22:47:58.323780] GCP-c16b Published new function configuration.
[22:47:58.440987] GCP-c16b Redeployed 1 out of 1
[22:48:03.441913] GCP.HTTPTrigger-806c Invoke function https://europe-west1-grounded-braid-458419-c5.cloudfunctions.net/sebs_d9b9fac8_110_dynamic_html_python_3_11
[22:48:06.825497] GCP.HTTPTrigger-806c Invoke of function was successful
[22:48:06.826378] Experiment.PerfCost-a6e3 Processed 18 samples out of 50, 1 errors
[22:49:09.399602] GCP-c16b Waiting for function deployment, 10 retries.
[22:49:24.901991] GCP-c16b Published new function configuration.
[22:49:24.992517] GCP-c16b Redeployed 1 out of 1
[22:49:29.997326] GCP.HTTPTrigger-806c Invoke function https://europe-west1-grounded-braid-458419-c5.cloudfunctions.net/sebs_d9b9fac8_110_dynamic_html_python_3_11
[22:49:38.613343] GCP.HTTPTrigger-806c Invoke of function was successful
[22:49:38.614166] Experiment.PerfCost-a6e3 Processed 19 samples out of 50, 1 errors
[22:50:40.978171] GCP-c16b Waiting for function deployment, 10 retries.
[22:50:59.269009] GCP-c16b Published new function configuration.
[22:50:59.353475] GCP-c16b Redeployed 1 out of 1
[22:51:04.358437] GCP.HTTPTrigger-806c Invoke function https://europe-west1-grounded-braid-458419-c5.cloudfunctions.net/sebs_d9b9fac8_110_dynamic_html_python_3_11
[22:51:07.743162] GCP.HTTPTrigger-806c Invoke of function was successful
[22:51:07.744004] Experiment.PerfCost-a6e3 Processed 20 samples out of 50, 1 errors
[22:52:09.926226] GCP-c16b Waiting for function deployment, 10 retries.
[22:52:15.124203] GCP-c16b Published new function configuration.
[22:52:15.202350] GCP-c16b Redeployed 1 out of 1
[22:52:20.205871] GCP.HTTPTrigger-806c Invoke function https://europe-west1-grounded-braid-458419-c5.cloudfunctions.net/sebs_d9b9fac8_110_dynamic_html_python_3_11
[22:52:23.779942] GCP.HTTPTrigger-806c Invoke of function was successful
[22:52:23.780881] Experiment.PerfCost-a6e3 Processed 21 samples out of 50, 1 errors
[22:53:26.249362] GCP-c16b Waiting for function deployment, 10 retries.
[22:53:26.343267] GCP-c16b Published new function configuration.
[22:53:26.572333] GCP-c16b Redeployed 1 out of 1
[22:53:31.575337] GCP.HTTPTrigger-806c Invoke function https://europe-west1-grounded-braid-458419-c5.cloudfunctions.net/sebs_d9b9fac8_110_dynamic_html_python_3_11
[22:53:34.893638] GCP.HTTPTrigger-806c Invoke of function was successful
[22:53:34.894666] Experiment.PerfCost-a6e3 Processed 22 samples out of 50, 1 errors
[22:54:37.210759] GCP-c16b Waiting for function deployment, 10 retries.
[22:54:42.407717] GCP-c16b Published new function configuration.
[22:54:42.490190] GCP-c16b Redeployed 1 out of 1
[22:54:47.495118] GCP.HTTPTrigger-806c Invoke function https://europe-west1-grounded-braid-458419-c5.cloudfunctions.net/sebs_d9b9fac8_110_dynamic_html_python_3_11
[22:54:51.165353] GCP.HTTPTrigger-806c Invoke of function was successful
[22:54:51.166272] Experiment.PerfCost-a6e3 Processed 23 samples out of 50, 1 errors
[22:55:53.574037] GCP-c16b Waiting for function deployment, 10 retries.
[22:55:58.753574] GCP-c16b Published new function configuration.
[22:55:58.836904] GCP-c16b Redeployed 1 out of 1
[22:56:03.841942] GCP.HTTPTrigger-806c Invoke function https://europe-west1-grounded-braid-458419-c5.cloudfunctions.net/sebs_d9b9fac8_110_dynamic_html_python_3_11
[22:56:10.216768] GCP.HTTPTrigger-806c Invoke of function was successful
[22:56:10.217687] Experiment.PerfCost-a6e3 Processed 24 samples out of 50, 1 errors
[22:57:09.582684] GCP-c16b Waiting for function deployment, 10 retries.
[22:57:09.663411] GCP-c16b Published new function configuration.
[22:57:09.754655] GCP-c16b Redeployed 1 out of 1
[22:57:14.757443] GCP.HTTPTrigger-806c Invoke function https://europe-west1-grounded-braid-458419-c5.cloudfunctions.net/sebs_d9b9fac8_110_dynamic_html_python_3_11
[22:57:21.222580] GCP.HTTPTrigger-806c Invoke of function was successful
[22:57:21.223445] Experiment.PerfCost-a6e3 Processed 25 samples out of 50, 1 errors
[22:58:20.554855] GCP-c16b Waiting for function deployment, 10 retries.
[22:58:25.735041] GCP-c16b Published new function configuration.
[22:58:25.819068] GCP-c16b Redeployed 1 out of 1
[22:58:33.755317] GCP.HTTPTrigger-806c Invoke function https://europe-west1-grounded-braid-458419-c5.cloudfunctions.net/sebs_d9b9fac8_110_dynamic_html_python_3_11
[22:58:37.228079] GCP.HTTPTrigger-806c Invoke of function was successful
[22:58:37.228988] Experiment.PerfCost-a6e3 Processed 26 samples out of 50, 1 errors
[22:59:26.747313] GCP-c16b Published new function configuration.
[22:59:26.825736] GCP-c16b Redeployed 1 out of 1
[22:59:31.830516] GCP.HTTPTrigger-806c Invoke function https://europe-west1-grounded-braid-458419-c5.cloudfunctions.net/sebs_d9b9fac8_110_dynamic_html_python_3_11
[22:59:35.309794] GCP.HTTPTrigger-806c Invoke of function was successful
[22:59:35.310695] Experiment.PerfCost-a6e3 Processed 27 samples out of 50, 1 errors
[23:00:37.567703] GCP-c16b Waiting for function deployment, 10 retries.
[23:00:42.734562] GCP-c16b Published new function configuration.
[23:00:42.854356] GCP-c16b Redeployed 1 out of 1
[23:00:47.856717] GCP.HTTPTrigger-806c Invoke function https://europe-west1-grounded-braid-458419-c5.cloudfunctions.net/sebs_d9b9fac8_110_dynamic_html_python_3_11
[23:00:54.920168] GCP.HTTPTrigger-806c Invoke of function was successful
[23:00:54.921052] Experiment.PerfCost-a6e3 Processed 28 samples out of 50, 1 errors
[23:01:55.634729] GCP-c16b Waiting for function deployment, 10 retries.
[23:02:00.805000] GCP-c16b Published new function configuration.
[23:02:00.883712] GCP-c16b Redeployed 1 out of 1
[23:02:05.887195] GCP.HTTPTrigger-806c Invoke function https://europe-west1-grounded-braid-458419-c5.cloudfunctions.net/sebs_d9b9fac8_110_dynamic_html_python_3_11
[23:02:09.552180] GCP.HTTPTrigger-806c Invoke of function was successful
[23:02:09.553061] Experiment.PerfCost-a6e3 Processed 29 samples out of 50, 1 errors
[23:03:01.655697] GCP-c16b Published new function configuration.
[23:03:01.737740] GCP-c16b Redeployed 1 out of 1
[23:03:06.741612] GCP.HTTPTrigger-806c Invoke function https://europe-west1-grounded-braid-458419-c5.cloudfunctions.net/sebs_d9b9fac8_110_dynamic_html_python_3_11
[23:03:10.164468] GCP.HTTPTrigger-806c Invoke of function was successful
[23:03:10.165363] Experiment.PerfCost-a6e3 Processed 30 samples out of 50, 1 errors
[23:04:12.343845] GCP-c16b Waiting for function deployment, 10 retries.
[23:04:22.606706] GCP-c16b Published new function configuration.
[23:04:22.701403] GCP-c16b Redeployed 1 out of 1
[23:04:27.705673] GCP.HTTPTrigger-806c Invoke function https://europe-west1-grounded-braid-458419-c5.cloudfunctions.net/sebs_d9b9fac8_110_dynamic_html_python_3_11
[23:04:31.377129] GCP.HTTPTrigger-806c Invoke of function was successful
[23:04:31.378015] Experiment.PerfCost-a6e3 Processed 31 samples out of 50, 1 errors
[23:05:33.677205] GCP-c16b Waiting for function deployment, 10 retries.
[23:05:43.938001] GCP-c16b Published new function configuration.
[23:05:44.023088] GCP-c16b Redeployed 1 out of 1
[23:05:51.958297] GCP.HTTPTrigger-806c Invoke function https://europe-west1-grounded-braid-458419-c5.cloudfunctions.net/sebs_d9b9fac8_110_dynamic_html_python_3_11
[23:05:55.542804] GCP.HTTPTrigger-806c Invoke of function was successful
[23:05:55.543830] Experiment.PerfCost-a6e3 Processed 32 samples out of 50, 1 errors
[23:06:54.860456] GCP-c16b Waiting for function deployment, 10 retries.
[23:07:02.995078] GCP-c16b Published new function configuration.
[23:07:03.076353] GCP-c16b Redeployed 1 out of 1
[23:07:08.078941] GCP.HTTPTrigger-806c Invoke function https://europe-west1-grounded-braid-458419-c5.cloudfunctions.net/sebs_d9b9fac8_110_dynamic_html_python_3_11
[23:07:12.209302] GCP.HTTPTrigger-806c Invoke of function was successful
[23:07:12.210180] Experiment.PerfCost-a6e3 Processed 33 samples out of 50, 1 errors
[23:08:06.749333] GCP-c16b Published new function configuration.
[23:08:06.855404] GCP-c16b Redeployed 1 out of 1
[23:08:14.790455] GCP.HTTPTrigger-806c Invoke function https://europe-west1-grounded-braid-458419-c5.cloudfunctions.net/sebs_d9b9fac8_110_dynamic_html_python_3_11
[23:08:18.518797] GCP.HTTPTrigger-806c Invoke of function was successful
[23:08:18.519676] Experiment.PerfCost-a6e3 Processed 34 samples out of 50, 1 errors
[23:09:20.762092] GCP-c16b Waiting for function deployment, 10 retries.
[23:09:31.015194] GCP-c16b Published new function configuration.
[23:09:31.127825] GCP-c16b Redeployed 1 out of 1
[23:09:36.131524] GCP.HTTPTrigger-806c Invoke function https://europe-west1-grounded-braid-458419-c5.cloudfunctions.net/sebs_d9b9fac8_110_dynamic_html_python_3_11
[23:09:39.291522] GCP.HTTPTrigger-806c Invoke of function was successful
[23:09:39.292348] Experiment.PerfCost-a6e3 Processed 35 samples out of 50, 1 errors
[23:10:39.911581] GCP-c16b Waiting for function deployment, 10 retries.
[23:10:53.107222] GCP-c16b Published new function configuration.
[23:10:53.193976] GCP-c16b Redeployed 1 out of 1
[23:10:58.196639] GCP.HTTPTrigger-806c Invoke function https://europe-west1-grounded-braid-458419-c5.cloudfunctions.net/sebs_d9b9fac8_110_dynamic_html_python_3_11
[23:11:01.835082] GCP.HTTPTrigger-806c Invoke of function was successful
[23:11:01.836155] Experiment.PerfCost-a6e3 Processed 36 samples out of 50, 1 errors
[23:12:03.912892] GCP-c16b Waiting for function deployment, 10 retries.
[23:12:24.491769] GCP-c16b Published new function configuration.
[23:12:24.717913] GCP-c16b Redeployed 1 out of 1
[23:12:29.722138] GCP.HTTPTrigger-806c Invoke function https://europe-west1-grounded-braid-458419-c5.cloudfunctions.net/sebs_d9b9fac8_110_dynamic_html_python_3_11
[23:12:36.312879] GCP.HTTPTrigger-806c Invoke of function was successful
[23:12:36.313911] Experiment.PerfCost-a6e3 Processed 37 samples out of 50, 1 errors
[23:13:35.639029] GCP-c16b Waiting for function deployment, 10 retries.
[23:13:48.849763] GCP-c16b Published new function configuration.
[23:13:48.930429] GCP-c16b Redeployed 1 out of 1
[23:13:53.931618] GCP.HTTPTrigger-806c Invoke function https://europe-west1-grounded-braid-458419-c5.cloudfunctions.net/sebs_d9b9fac8_110_dynamic_html_python_3_11
[23:13:57.442140] GCP.HTTPTrigger-806c Invoke of function was successful
[23:13:57.443037] Experiment.PerfCost-a6e3 Processed 38 samples out of 50, 1 errors
[23:14:54.611286] GCP-c16b Published new function configuration.
[23:14:54.692762] GCP-c16b Redeployed 1 out of 1
[23:14:59.696826] GCP.HTTPTrigger-806c Invoke function https://europe-west1-grounded-braid-458419-c5.cloudfunctions.net/sebs_d9b9fac8_110_dynamic_html_python_3_11
[23:15:02.955243] GCP.HTTPTrigger-806c Invoke of function was successful
[23:15:02.956088] Experiment.PerfCost-a6e3 Processed 39 samples out of 50, 1 errors
[23:16:05.171429] GCP-c16b Waiting for function deployment, 10 retries.
[23:16:05.266719] GCP-c16b Published new function configuration.
[23:16:05.344327] GCP-c16b Redeployed 1 out of 1
[23:16:10.348347] GCP.HTTPTrigger-806c Invoke function https://europe-west1-grounded-braid-458419-c5.cloudfunctions.net/sebs_d9b9fac8_110_dynamic_html_python_3_11
[23:16:13.889531] GCP.HTTPTrigger-806c Invoke of function was successful
[23:16:13.890422] Experiment.PerfCost-a6e3 Processed 40 samples out of 50, 1 errors
[23:17:16.026089] GCP-c16b Waiting for function deployment, 10 retries.
[23:17:21.206942] GCP-c16b Published new function configuration.
[23:17:21.304166] GCP-c16b Redeployed 1 out of 1
[23:17:26.309200] GCP.HTTPTrigger-806c Invoke function https://europe-west1-grounded-braid-458419-c5.cloudfunctions.net/sebs_d9b9fac8_110_dynamic_html_python_3_11
[23:17:29.788427] GCP.HTTPTrigger-806c Invoke of function was successful
[23:17:29.789349] Experiment.PerfCost-a6e3 Processed 41 samples out of 50, 1 errors
[23:18:18.865653] GCP-c16b Published new function configuration.
[23:18:18.950073] GCP-c16b Redeployed 1 out of 1
[23:18:26.887368] GCP.HTTPTrigger-806c Invoke function https://europe-west1-grounded-braid-458419-c5.cloudfunctions.net/sebs_d9b9fac8_110_dynamic_html_python_3_11
[23:18:30.534497] GCP.HTTPTrigger-806c Invoke of function was successful
[23:18:30.535401] Experiment.PerfCost-a6e3 Processed 42 samples out of 50, 1 errors
[23:19:29.660929] GCP-c16b Waiting for function deployment, 10 retries.
[23:19:42.843998] GCP-c16b Published new function configuration.
[23:19:42.927760] GCP-c16b Redeployed 1 out of 1
[23:19:47.931609] GCP.HTTPTrigger-806c Invoke function https://europe-west1-grounded-braid-458419-c5.cloudfunctions.net/sebs_d9b9fac8_110_dynamic_html_python_3_11
[23:19:51.729472] GCP.HTTPTrigger-806c Invoke of function was successful
[23:19:51.730341] Experiment.PerfCost-a6e3 Processed 43 samples out of 50, 1 errors
[23:20:40.858375] GCP-c16b Published new function configuration.
[23:20:40.937644] GCP-c16b Redeployed 1 out of 1
[23:20:48.875077] GCP.HTTPTrigger-806c Invoke function https://europe-west1-grounded-braid-458419-c5.cloudfunctions.net/sebs_d9b9fac8_110_dynamic_html_python_3_11
[23:20:54.225781] GCP.HTTPTrigger-806c Invoke of function was successful
[23:20:54.226634] Experiment.PerfCost-a6e3 Processed 44 samples out of 50, 1 errors
[23:21:56.620196] GCP-c16b Waiting for function deployment, 10 retries.
[23:22:01.796550] GCP-c16b Published new function configuration.
[23:22:01.891340] GCP-c16b Redeployed 1 out of 1
[23:22:06.895751] GCP.HTTPTrigger-806c Invoke function https://europe-west1-grounded-braid-458419-c5.cloudfunctions.net/sebs_d9b9fac8_110_dynamic_html_python_3_11
[23:22:10.605687] GCP.HTTPTrigger-806c Invoke of function was successful
[23:22:10.606565] Experiment.PerfCost-a6e3 Processed 45 samples out of 50, 1 errors
[23:23:13.849539] GCP-c16b Waiting for function deployment, 10 retries.
[23:23:19.166186] GCP-c16b Published new function configuration.
[23:23:19.401673] GCP-c16b Redeployed 1 out of 1
[23:23:24.405969] GCP.HTTPTrigger-806c Invoke function https://europe-west1-grounded-braid-458419-c5.cloudfunctions.net/sebs_d9b9fac8_110_dynamic_html_python_3_11
[23:23:27.513061] GCP.HTTPTrigger-806c Invoke of function was successful
[23:23:27.514038] Experiment.PerfCost-a6e3 Processed 46 samples out of 50, 1 errors
[23:24:20.125903] GCP-c16b Published new function configuration.
[23:24:20.364669] GCP-c16b Redeployed 1 out of 1
[23:24:25.368750] GCP.HTTPTrigger-806c Invoke function https://europe-west1-grounded-braid-458419-c5.cloudfunctions.net/sebs_d9b9fac8_110_dynamic_html_python_3_11
[23:24:28.894212] GCP.HTTPTrigger-806c Invoke of function was successful
[23:24:28.895141] Experiment.PerfCost-a6e3 Processed 47 samples out of 50, 1 errors
[23:25:23.531217] GCP-c16b Published new function configuration.
[23:25:23.755409] GCP-c16b Redeployed 1 out of 1
[23:25:31.691223] GCP.HTTPTrigger-806c Invoke function https://europe-west1-grounded-braid-458419-c5.cloudfunctions.net/sebs_d9b9fac8_110_dynamic_html_python_3_11
[23:25:35.876313] GCP.HTTPTrigger-806c Invoke of function was successful
[23:25:35.877672] Experiment.PerfCost-a6e3 Processed 48 samples out of 50, 1 errors
[23:26:38.591611] GCP-c16b Waiting for function deployment, 10 retries.
[23:26:43.759293] GCP-c16b Published new function configuration.
[23:26:43.843615] GCP-c16b Redeployed 1 out of 1
[23:26:48.846501] GCP.HTTPTrigger-806c Invoke function https://europe-west1-grounded-braid-458419-c5.cloudfunctions.net/sebs_d9b9fac8_110_dynamic_html_python_3_11
[23:26:52.774162] GCP.HTTPTrigger-806c Invoke of function was successful
[23:26:52.775192] Experiment.PerfCost-a6e3 Processed 49 samples out of 50, 1 errors
[23:27:55.041688] GCP-c16b Waiting for function deployment, 10 retries.
[23:28:05.319105] GCP-c16b Published new function configuration.
[23:28:05.408002] GCP-c16b Redeployed 1 out of 1
[23:28:10.411056] GCP.HTTPTrigger-806c Invoke function https://europe-west1-grounded-braid-458419-c5.cloudfunctions.net/sebs_d9b9fac8_110_dynamic_html_python_3_11
[23:28:13.799622] GCP.HTTPTrigger-806c Invoke of function was successful
[23:28:13.800486] Experiment.PerfCost-a6e3 Processed 50 samples out of 50, 1 errors
[23:28:18.803262] Experiment.PerfCost-a6e3 Mean 4019.3300999999988 [ms], median 3605.7365 [ms], std 1187.1474881181405, CV 29.5359539670091
[23:28:18.804313] Experiment.PerfCost-a6e3 Parametric CI (Student's t-distribution) 0.95 from 3678.5212150082284 to 4360.13898499177, within 8.479245956727235% of mean
[23:28:18.804429] Experiment.PerfCost-a6e3 Non-parametric CI 0.95 from 3481.777 to 3731.472, within 3.462468763316456% of median
[23:28:18.805033] Experiment.PerfCost-a6e3 Parametric CI (Student's t-distribution) 0.99 from 3564.8303494608635 to 4473.829850539134, within 11.307848303853802% of mean
[23:28:18.805173] Experiment.PerfCost-a6e3 Non-parametric CI 0.99 from 3467.543 to 3836.829, within 5.120812349987306% of median
[23:28:22.942444] Experiment.PerfCost-a6e3 Begin warm experiments
[23:28:27.943806] GCP.HTTPTrigger-806c Invoke function https://europe-west1-grounded-braid-458419-c5.cloudfunctions.net/sebs_d9b9fac8_110_dynamic_html_python_3_11
[23:28:30.732832] GCP.HTTPTrigger-806c Invoke of function was successful
[23:28:30.734060] Experiment.PerfCost-a6e3 Processed 0 warm-up samples, ignoring these results.
[23:28:40.741794] GCP.HTTPTrigger-806c Invoke function https://europe-west1-grounded-braid-458419-c5.cloudfunctions.net/sebs_d9b9fac8_110_dynamic_html_python_3_11
[23:28:43.484954] GCP.HTTPTrigger-806c Invoke of function was successful
[23:28:43.486097] Experiment.PerfCost-a6e3 Processed 1 samples out of 50, 0 errors
[23:28:53.492206] GCP.HTTPTrigger-806c Invoke function https://europe-west1-grounded-braid-458419-c5.cloudfunctions.net/sebs_d9b9fac8_110_dynamic_html_python_3_11
[23:28:59.072271] GCP.HTTPTrigger-806c Invoke of function was successful
[23:28:59.073213] Experiment.PerfCost-a6e3 Processed 2 samples out of 50, 0 errors
[23:29:09.078548] GCP.HTTPTrigger-806c Invoke function https://europe-west1-grounded-braid-458419-c5.cloudfunctions.net/sebs_d9b9fac8_110_dynamic_html_python_3_11
[23:29:11.895081] GCP.HTTPTrigger-806c Invoke of function was successful
[23:29:11.895963] Experiment.PerfCost-a6e3 Processed 3 samples out of 50, 0 errors
[23:29:21.901981] GCP.HTTPTrigger-806c Invoke function https://europe-west1-grounded-braid-458419-c5.cloudfunctions.net/sebs_d9b9fac8_110_dynamic_html_python_3_11
[23:29:24.988063] GCP.HTTPTrigger-806c Invoke of function was successful
[23:29:24.989072] Experiment.PerfCost-a6e3 Processed 4 samples out of 50, 0 errors
[23:29:37.926949] GCP.HTTPTrigger-806c Invoke function https://europe-west1-grounded-braid-458419-c5.cloudfunctions.net/sebs_d9b9fac8_110_dynamic_html_python_3_11
[23:29:40.934307] GCP.HTTPTrigger-806c Invoke of function was successful
[23:29:40.935144] Experiment.PerfCost-a6e3 Processed 5 samples out of 50, 0 errors
[23:29:50.943198] GCP.HTTPTrigger-806c Invoke function https://europe-west1-grounded-braid-458419-c5.cloudfunctions.net/sebs_d9b9fac8_110_dynamic_html_python_3_11
[23:29:53.788057] GCP.HTTPTrigger-806c Invoke of function was successful
[23:29:53.789118] Experiment.PerfCost-a6e3 Processed 6 samples out of 50, 0 errors
[23:30:03.796051] GCP.HTTPTrigger-806c Invoke function https://europe-west1-grounded-braid-458419-c5.cloudfunctions.net/sebs_d9b9fac8_110_dynamic_html_python_3_11
[23:30:09.898359] GCP.HTTPTrigger-806c Invoke of function was successful
[23:30:09.899249] Experiment.PerfCost-a6e3 Processed 7 samples out of 50, 0 errors
[23:30:19.905346] GCP.HTTPTrigger-806c Invoke function https://europe-west1-grounded-braid-458419-c5.cloudfunctions.net/sebs_d9b9fac8_110_dynamic_html_python_3_11
[23:30:22.833507] GCP.HTTPTrigger-806c Invoke of function was successful
[23:30:22.834518] Experiment.PerfCost-a6e3 Processed 8 samples out of 50, 0 errors
[23:30:32.841792] GCP.HTTPTrigger-806c Invoke function https://europe-west1-grounded-braid-458419-c5.cloudfunctions.net/sebs_d9b9fac8_110_dynamic_html_python_3_11
[23:30:35.662873] GCP.HTTPTrigger-806c Invoke of function was successful
[23:30:35.663757] Experiment.PerfCost-a6e3 Processed 9 samples out of 50, 0 errors
[23:30:48.603393] GCP.HTTPTrigger-806c Invoke function https://europe-west1-grounded-braid-458419-c5.cloudfunctions.net/sebs_d9b9fac8_110_dynamic_html_python_3_11
[23:30:51.464139] GCP.HTTPTrigger-806c Invoke of function was successful
[23:30:51.465016] Experiment.PerfCost-a6e3 Processed 10 samples out of 50, 0 errors
[23:31:01.473692] GCP.HTTPTrigger-806c Invoke function https://europe-west1-grounded-braid-458419-c5.cloudfunctions.net/sebs_d9b9fac8_110_dynamic_html_python_3_11
[23:31:04.288806] GCP.HTTPTrigger-806c Invoke of function was successful
[23:31:04.289695] Experiment.PerfCost-a6e3 Processed 11 samples out of 50, 0 errors
[23:31:14.296859] GCP.HTTPTrigger-806c Invoke function https://europe-west1-grounded-braid-458419-c5.cloudfunctions.net/sebs_d9b9fac8_110_dynamic_html_python_3_11
[23:31:20.075514] GCP.HTTPTrigger-806c Invoke of function was successful
[23:31:20.076396] Experiment.PerfCost-a6e3 Processed 12 samples out of 50, 0 errors
[23:31:30.083550] GCP.HTTPTrigger-806c Invoke function https://europe-west1-grounded-braid-458419-c5.cloudfunctions.net/sebs_d9b9fac8_110_dynamic_html_python_3_11
[23:31:33.038235] GCP.HTTPTrigger-806c Invoke of function was successful
[23:31:33.039131] Experiment.PerfCost-a6e3 Processed 13 samples out of 50, 0 errors
[23:31:43.044641] GCP.HTTPTrigger-806c Invoke function https://europe-west1-grounded-braid-458419-c5.cloudfunctions.net/sebs_d9b9fac8_110_dynamic_html_python_3_11
[23:31:45.988627] GCP.HTTPTrigger-806c Invoke of function was successful
[23:31:45.989526] Experiment.PerfCost-a6e3 Processed 14 samples out of 50, 0 errors
[23:31:58.927730] GCP.HTTPTrigger-806c Invoke function https://europe-west1-grounded-braid-458419-c5.cloudfunctions.net/sebs_d9b9fac8_110_dynamic_html_python_3_11
[23:32:01.635463] GCP.HTTPTrigger-806c Invoke of function was successful
[23:32:01.636360] Experiment.PerfCost-a6e3 Processed 15 samples out of 50, 0 errors
[23:32:11.645052] GCP.HTTPTrigger-806c Invoke function https://europe-west1-grounded-braid-458419-c5.cloudfunctions.net/sebs_d9b9fac8_110_dynamic_html_python_3_11
[23:32:14.472994] GCP.HTTPTrigger-806c Invoke of function was successful
[23:32:14.473894] Experiment.PerfCost-a6e3 Processed 16 samples out of 50, 0 errors
[23:32:24.481531] GCP.HTTPTrigger-806c Invoke function https://europe-west1-grounded-braid-458419-c5.cloudfunctions.net/sebs_d9b9fac8_110_dynamic_html_python_3_11
[23:32:30.330974] GCP.HTTPTrigger-806c Invoke of function was successful
[23:32:30.331876] Experiment.PerfCost-a6e3 Processed 17 samples out of 50, 0 errors
[23:32:40.337364] GCP.HTTPTrigger-806c Invoke function https://europe-west1-grounded-braid-458419-c5.cloudfunctions.net/sebs_d9b9fac8_110_dynamic_html_python_3_11
[23:32:43.193734] GCP.HTTPTrigger-806c Invoke of function was successful
[23:32:43.194738] Experiment.PerfCost-a6e3 Processed 18 samples out of 50, 0 errors
[23:32:53.202075] GCP.HTTPTrigger-806c Invoke function https://europe-west1-grounded-braid-458419-c5.cloudfunctions.net/sebs_d9b9fac8_110_dynamic_html_python_3_11
[23:32:55.996614] GCP.HTTPTrigger-806c Invoke of function was successful
[23:32:55.997500] Experiment.PerfCost-a6e3 Processed 19 samples out of 50, 0 errors
[23:33:08.937421] GCP.HTTPTrigger-806c Invoke function https://europe-west1-grounded-braid-458419-c5.cloudfunctions.net/sebs_d9b9fac8_110_dynamic_html_python_3_11
[23:33:11.848434] GCP.HTTPTrigger-806c Invoke of function was successful
[23:33:11.849369] Experiment.PerfCost-a6e3 Processed 20 samples out of 50, 0 errors
[23:33:21.856841] GCP.HTTPTrigger-806c Invoke function https://europe-west1-grounded-braid-458419-c5.cloudfunctions.net/sebs_d9b9fac8_110_dynamic_html_python_3_11
[23:33:24.904103] GCP.HTTPTrigger-806c Invoke of function was successful
[23:33:24.904932] Experiment.PerfCost-a6e3 Processed 21 samples out of 50, 0 errors
[23:33:34.911359] GCP.HTTPTrigger-806c Invoke function https://europe-west1-grounded-braid-458419-c5.cloudfunctions.net/sebs_d9b9fac8_110_dynamic_html_python_3_11
[23:33:40.814741] GCP.HTTPTrigger-806c Invoke of function was successful
[23:33:40.815594] Experiment.PerfCost-a6e3 Processed 22 samples out of 50, 0 errors
[23:33:50.822636] GCP.HTTPTrigger-806c Invoke function https://europe-west1-grounded-braid-458419-c5.cloudfunctions.net/sebs_d9b9fac8_110_dynamic_html_python_3_11
[23:33:53.656800] GCP.HTTPTrigger-806c Invoke of function was successful
[23:33:53.657699] Experiment.PerfCost-a6e3 Processed 23 samples out of 50, 0 errors
[23:34:03.664276] GCP.HTTPTrigger-806c Invoke function https://europe-west1-grounded-braid-458419-c5.cloudfunctions.net/sebs_d9b9fac8_110_dynamic_html_python_3_11
[23:34:06.864971] GCP.HTTPTrigger-806c Invoke of function was successful
[23:34:06.865994] Experiment.PerfCost-a6e3 Processed 24 samples out of 50, 0 errors
[23:34:19.805555] GCP.HTTPTrigger-806c Invoke function https://europe-west1-grounded-braid-458419-c5.cloudfunctions.net/sebs_d9b9fac8_110_dynamic_html_python_3_11
[23:34:22.613664] GCP.HTTPTrigger-806c Invoke of function was successful
[23:34:22.614612] Experiment.PerfCost-a6e3 Processed 25 samples out of 50, 0 errors
[23:34:32.618676] GCP.HTTPTrigger-806c Invoke function https://europe-west1-grounded-braid-458419-c5.cloudfunctions.net/sebs_d9b9fac8_110_dynamic_html_python_3_11
[23:34:35.438759] GCP.HTTPTrigger-806c Invoke of function was successful
[23:34:35.439674] Experiment.PerfCost-a6e3 Processed 26 samples out of 50, 0 errors
[23:34:45.444908] GCP.HTTPTrigger-806c Invoke function https://europe-west1-grounded-braid-458419-c5.cloudfunctions.net/sebs_d9b9fac8_110_dynamic_html_python_3_11
[23:34:51.169986] GCP.HTTPTrigger-806c Invoke of function was successful
[23:34:51.170845] Experiment.PerfCost-a6e3 Processed 27 samples out of 50, 0 errors
[23:35:01.177387] GCP.HTTPTrigger-806c Invoke function https://europe-west1-grounded-braid-458419-c5.cloudfunctions.net/sebs_d9b9fac8_110_dynamic_html_python_3_11
[23:35:04.140157] GCP.HTTPTrigger-806c Invoke of function was successful
[23:35:04.141071] Experiment.PerfCost-a6e3 Processed 28 samples out of 50, 0 errors
[23:35:14.147118] GCP.HTTPTrigger-806c Invoke function https://europe-west1-grounded-braid-458419-c5.cloudfunctions.net/sebs_d9b9fac8_110_dynamic_html_python_3_11
[23:35:17.308345] GCP.HTTPTrigger-806c Invoke of function was successful
[23:35:17.309364] Experiment.PerfCost-a6e3 Processed 29 samples out of 50, 0 errors
[23:35:30.246616] GCP.HTTPTrigger-806c Invoke function https://europe-west1-grounded-braid-458419-c5.cloudfunctions.net/sebs_d9b9fac8_110_dynamic_html_python_3_11
[23:35:33.218863] GCP.HTTPTrigger-806c Invoke of function was successful
[23:35:33.219684] Experiment.PerfCost-a6e3 Processed 30 samples out of 50, 0 errors
[23:35:43.227992] GCP.HTTPTrigger-806c Invoke function https://europe-west1-grounded-braid-458419-c5.cloudfunctions.net/sebs_d9b9fac8_110_dynamic_html_python_3_11
[23:35:46.147585] GCP.HTTPTrigger-806c Invoke of function was successful
[23:35:46.148461] Experiment.PerfCost-a6e3 Processed 31 samples out of 50, 0 errors
[23:35:56.151860] GCP.HTTPTrigger-806c Invoke function https://europe-west1-grounded-braid-458419-c5.cloudfunctions.net/sebs_d9b9fac8_110_dynamic_html_python_3_11
[23:36:01.973949] GCP.HTTPTrigger-806c Invoke of function was successful
[23:36:01.974840] Experiment.PerfCost-a6e3 Processed 32 samples out of 50, 0 errors
[23:36:11.982442] GCP.HTTPTrigger-806c Invoke function https://europe-west1-grounded-braid-458419-c5.cloudfunctions.net/sebs_d9b9fac8_110_dynamic_html_python_3_11
[23:36:14.904733] GCP.HTTPTrigger-806c Invoke of function was successful
[23:36:14.905616] Experiment.PerfCost-a6e3 Processed 33 samples out of 50, 0 errors
[23:36:24.913832] GCP.HTTPTrigger-806c Invoke function https://europe-west1-grounded-braid-458419-c5.cloudfunctions.net/sebs_d9b9fac8_110_dynamic_html_python_3_11
[23:36:27.787574] GCP.HTTPTrigger-806c Invoke of function was successful
[23:36:27.788465] Experiment.PerfCost-a6e3 Processed 34 samples out of 50, 0 errors
[23:36:40.726783] GCP.HTTPTrigger-806c Invoke function https://europe-west1-grounded-braid-458419-c5.cloudfunctions.net/sebs_d9b9fac8_110_dynamic_html_python_3_11
[23:36:43.600423] GCP.HTTPTrigger-806c Invoke of function was successful
[23:36:43.601316] Experiment.PerfCost-a6e3 Processed 35 samples out of 50, 0 errors
[23:36:53.609561] GCP.HTTPTrigger-806c Invoke function https://europe-west1-grounded-braid-458419-c5.cloudfunctions.net/sebs_d9b9fac8_110_dynamic_html_python_3_11
[23:36:56.629827] GCP.HTTPTrigger-806c Invoke of function was successful
[23:36:56.630687] Experiment.PerfCost-a6e3 Processed 36 samples out of 50, 0 errors
[23:37:06.638678] GCP.HTTPTrigger-806c Invoke function https://europe-west1-grounded-braid-458419-c5.cloudfunctions.net/sebs_d9b9fac8_110_dynamic_html_python_3_11
[23:37:12.423498] GCP.HTTPTrigger-806c Invoke of function was successful
[23:37:12.424346] Experiment.PerfCost-a6e3 Processed 37 samples out of 50, 0 errors
[23:37:22.433159] GCP.HTTPTrigger-806c Invoke function https://europe-west1-grounded-braid-458419-c5.cloudfunctions.net/sebs_d9b9fac8_110_dynamic_html_python_3_11
[23:37:25.297192] GCP.HTTPTrigger-806c Invoke of function was successful
[23:37:25.298093] Experiment.PerfCost-a6e3 Processed 38 samples out of 50, 0 errors
[23:37:35.304841] GCP.HTTPTrigger-806c Invoke function https://europe-west1-grounded-braid-458419-c5.cloudfunctions.net/sebs_d9b9fac8_110_dynamic_html_python_3_11
[23:37:38.459466] GCP.HTTPTrigger-806c Invoke of function was successful
[23:37:38.460311] Experiment.PerfCost-a6e3 Processed 39 samples out of 50, 0 errors
[23:37:51.395952] GCP.HTTPTrigger-806c Invoke function https://europe-west1-grounded-braid-458419-c5.cloudfunctions.net/sebs_d9b9fac8_110_dynamic_html_python_3_11
[23:37:54.164240] GCP.HTTPTrigger-806c Invoke of function was successful
[23:37:54.165089] Experiment.PerfCost-a6e3 Processed 40 samples out of 50, 0 errors
[23:38:04.171491] GCP.HTTPTrigger-806c Invoke function https://europe-west1-grounded-braid-458419-c5.cloudfunctions.net/sebs_d9b9fac8_110_dynamic_html_python_3_11
[23:38:07.193239] GCP.HTTPTrigger-806c Invoke of function was successful
[23:38:07.194168] Experiment.PerfCost-a6e3 Processed 41 samples out of 50, 0 errors
[23:38:17.198903] GCP.HTTPTrigger-806c Invoke function https://europe-west1-grounded-braid-458419-c5.cloudfunctions.net/sebs_d9b9fac8_110_dynamic_html_python_3_11
[23:38:23.426069] GCP.HTTPTrigger-806c Invoke of function was successful
[23:38:23.426945] Experiment.PerfCost-a6e3 Processed 42 samples out of 50, 0 errors
[23:38:33.434029] GCP.HTTPTrigger-806c Invoke function https://europe-west1-grounded-braid-458419-c5.cloudfunctions.net/sebs_d9b9fac8_110_dynamic_html_python_3_11
[23:38:36.618839] GCP.HTTPTrigger-806c Invoke of function was successful
[23:38:36.619721] Experiment.PerfCost-a6e3 Processed 43 samples out of 50, 0 errors
[23:38:46.625043] GCP.HTTPTrigger-806c Invoke function https://europe-west1-grounded-braid-458419-c5.cloudfunctions.net/sebs_d9b9fac8_110_dynamic_html_python_3_11
[23:38:49.461545] GCP.HTTPTrigger-806c Invoke of function was successful
[23:38:49.462607] Experiment.PerfCost-a6e3 Processed 44 samples out of 50, 0 errors
[23:39:02.399121] GCP.HTTPTrigger-806c Invoke function https://europe-west1-grounded-braid-458419-c5.cloudfunctions.net/sebs_d9b9fac8_110_dynamic_html_python_3_11
[23:39:05.644325] GCP.HTTPTrigger-806c Invoke of function was successful
[23:39:05.645261] Experiment.PerfCost-a6e3 Processed 45 samples out of 50, 0 errors
[23:39:15.652061] GCP.HTTPTrigger-806c Invoke function https://europe-west1-grounded-braid-458419-c5.cloudfunctions.net/sebs_d9b9fac8_110_dynamic_html_python_3_11
[23:39:18.773038] GCP.HTTPTrigger-806c Invoke of function was successful
[23:39:18.773936] Experiment.PerfCost-a6e3 Processed 46 samples out of 50, 0 errors
[23:39:31.714100] GCP.HTTPTrigger-806c Invoke function https://europe-west1-grounded-braid-458419-c5.cloudfunctions.net/sebs_d9b9fac8_110_dynamic_html_python_3_11
[23:39:34.652212] GCP.HTTPTrigger-806c Invoke of function was successful
[23:39:34.653094] Experiment.PerfCost-a6e3 Processed 47 samples out of 50, 0 errors
[23:39:44.655934] GCP.HTTPTrigger-806c Invoke function https://europe-west1-grounded-braid-458419-c5.cloudfunctions.net/sebs_d9b9fac8_110_dynamic_html_python_3_11
[23:39:47.493175] GCP.HTTPTrigger-806c Invoke of function was successful
[23:39:47.494088] Experiment.PerfCost-a6e3 Processed 48 samples out of 50, 0 errors
[23:39:57.500881] GCP.HTTPTrigger-806c Invoke function https://europe-west1-grounded-braid-458419-c5.cloudfunctions.net/sebs_d9b9fac8_110_dynamic_html_python_3_11
[23:40:00.477095] GCP.HTTPTrigger-806c Invoke of function was successful
[23:40:00.477935] Experiment.PerfCost-a6e3 Processed 49 samples out of 50, 0 errors
[23:40:13.413419] GCP.HTTPTrigger-806c Invoke function https://europe-west1-grounded-braid-458419-c5.cloudfunctions.net/sebs_d9b9fac8_110_dynamic_html_python_3_11
[23:40:16.643670] GCP.HTTPTrigger-806c Invoke of function was successful
[23:40:16.644648] Experiment.PerfCost-a6e3 Processed 50 samples out of 50, 0 errors
[23:40:21.649256] Experiment.PerfCost-a6e3 Mean 3460.4006400000007 [ms], median 2944.0305 [ms], std 1133.1697777332708, CV 32.746779798690326
[23:40:21.649980] Experiment.PerfCost-a6e3 Parametric CI (Student's t-distribution) 0.95 from 3135.0877936005686 to 3785.713486399433, within 9.401016825596013% of mean
[23:40:21.650081] Experiment.PerfCost-a6e3 Non-parametric CI 0.95 from 2868.578 to 3080.767, within 3.6037160620448714% of median
[23:40:21.650588] Experiment.PerfCost-a6e3 Parametric CI (Student's t-distribution) 0.99 from 3026.5662711005857 to 3894.235008899416, within 12.537113878796848% of mean
[23:40:21.650679] Experiment.PerfCost-a6e3 Non-parametric CI 0.99 from 2855.56 to 3155.546, within 5.094818141320205% of median
[23:40:22.896768] Benchmark-44d8 Update cached config /home/zia/serverless-benchmarks/experiments/perf_cost/gcp/cache/gcp.json
Execute benchmark 4_dynamic-html, Python, Concurrent: 25
[23:40:23.702699] SeBS-c06e Created experiment output at /home/zia/serverless-benchmarks/experiments/perf_cost/gcp/4_dynamic-html
[23:40:23.941401] GCPResources-ef0d Using cached resources for GCP
[23:40:23.941594] GCPConfig-e451 Loading cached config for GCP
[23:40:24.231065] GCP-aac2 Using existing resource name: d9b9fac8.
[23:40:24.233252] Benchmark-f52e Using cached benchmark 110.dynamic-html at /home/zia/serverless-benchmarks/experiments/perf_cost/gcp/cache/110.dynamic-html/gcp/python/3.11/x64/package/110.dynamic-html.zip
[23:40:24.233780] GCP-aac2 Using cached function sebs_d9b9fac8_110_dynamic_html_python_3_11 in /home/zia/serverless-benchmarks/experiments/perf_cost/gcp/cache/110.dynamic-html/gcp/python/3.11/x64/package/110.dynamic-html.zip
[23:40:24.234193] GCP-aac2 Cached function sebs_d9b9fac8_110_dynamic_html_python_3_11 is up to date.
[23:40:24.234476] Experiment.PerfCost-a800 Begin experiment on memory size 128
[23:40:25.245699] GCP-aac2 Uploaded new code package to sebs-deployment-d9b9fac8/x64-110.dynamic-html.zip
[23:41:23.694891] GCP-aac2 Waiting for function deployment, 10 retries.
[23:41:29.195944] GCP-aac2 Published new function code and configuration.
[23:41:29.196614] Experiment.PerfCost-a800 Begin cold experiments
[23:42:27.253473] GCP-aac2 Waiting for function deployment, 10 retries.
[23:42:32.590980] GCP-aac2 Published new function configuration.
[23:42:32.836056] GCP-aac2 Redeployed 1 out of 1
[23:42:37.840722] GCP.HTTPTrigger-3bb6 Invoke function https://europe-west1-grounded-braid-458419-c5.cloudfunctions.net/sebs_d9b9fac8_110_dynamic_html_python_3_11
[23:42:37.843545] GCP.HTTPTrigger-3bb6 Invoke function https://europe-west1-grounded-braid-458419-c5.cloudfunctions.net/sebs_d9b9fac8_110_dynamic_html_python_3_11
[23:42:37.843759] GCP.HTTPTrigger-3bb6 Invoke function https://europe-west1-grounded-braid-458419-c5.cloudfunctions.net/sebs_d9b9fac8_110_dynamic_html_python_3_11
[23:42:37.844390] GCP.HTTPTrigger-3bb6 Invoke function https://europe-west1-grounded-braid-458419-c5.cloudfunctions.net/sebs_d9b9fac8_110_dynamic_html_python_3_11
[23:42:37.844174] GCP.HTTPTrigger-3bb6 Invoke function https://europe-west1-grounded-braid-458419-c5.cloudfunctions.net/sebs_d9b9fac8_110_dynamic_html_python_3_11
[23:42:37.844695] GCP.HTTPTrigger-3bb6 Invoke function https://europe-west1-grounded-braid-458419-c5.cloudfunctions.net/sebs_d9b9fac8_110_dynamic_html_python_3_11
[23:42:37.844610] GCP.HTTPTrigger-3bb6 Invoke function https://europe-west1-grounded-braid-458419-c5.cloudfunctions.net/sebs_d9b9fac8_110_dynamic_html_python_3_11
[23:42:37.845145] GCP.HTTPTrigger-3bb6 Invoke function https://europe-west1-grounded-braid-458419-c5.cloudfunctions.net/sebs_d9b9fac8_110_dynamic_html_python_3_11
[23:42:37.845412] GCP.HTTPTrigger-3bb6 Invoke function https://europe-west1-grounded-braid-458419-c5.cloudfunctions.net/sebs_d9b9fac8_110_dynamic_html_python_3_11
[23:42:37.845858] GCP.HTTPTrigger-3bb6 Invoke function https://europe-west1-grounded-braid-458419-c5.cloudfunctions.net/sebs_d9b9fac8_110_dynamic_html_python_3_11
[23:42:37.846161] GCP.HTTPTrigger-3bb6 Invoke function https://europe-west1-grounded-braid-458419-c5.cloudfunctions.net/sebs_d9b9fac8_110_dynamic_html_python_3_11
[23:42:37.846438] GCP.HTTPTrigger-3bb6 Invoke function https://europe-west1-grounded-braid-458419-c5.cloudfunctions.net/sebs_d9b9fac8_110_dynamic_html_python_3_11
[23:42:37.846923] GCP.HTTPTrigger-3bb6 Invoke function https://europe-west1-grounded-braid-458419-c5.cloudfunctions.net/sebs_d9b9fac8_110_dynamic_html_python_3_11
[23:42:37.847255] GCP.HTTPTrigger-3bb6 Invoke function https://europe-west1-grounded-braid-458419-c5.cloudfunctions.net/sebs_d9b9fac8_110_dynamic_html_python_3_11
[23:42:37.845616] GCP.HTTPTrigger-3bb6 Invoke function https://europe-west1-grounded-braid-458419-c5.cloudfunctions.net/sebs_d9b9fac8_110_dynamic_html_python_3_11
[23:42:37.846258] GCP.HTTPTrigger-3bb6 Invoke function https://europe-west1-grounded-braid-458419-c5.cloudfunctions.net/sebs_d9b9fac8_110_dynamic_html_python_3_11
[23:42:37.846615] GCP.HTTPTrigger-3bb6 Invoke function https://europe-west1-grounded-braid-458419-c5.cloudfunctions.net/sebs_d9b9fac8_110_dynamic_html_python_3_11
[23:42:37.845319] GCP.HTTPTrigger-3bb6 Invoke function https://europe-west1-grounded-braid-458419-c5.cloudfunctions.net/sebs_d9b9fac8_110_dynamic_html_python_3_11
[23:42:37.846343] GCP.HTTPTrigger-3bb6 Invoke function https://europe-west1-grounded-braid-458419-c5.cloudfunctions.net/sebs_d9b9fac8_110_dynamic_html_python_3_11
[23:42:37.846866] GCP.HTTPTrigger-3bb6 Invoke function https://europe-west1-grounded-braid-458419-c5.cloudfunctions.net/sebs_d9b9fac8_110_dynamic_html_python_3_11
[23:42:37.845999] GCP.HTTPTrigger-3bb6 Invoke function https://europe-west1-grounded-braid-458419-c5.cloudfunctions.net/sebs_d9b9fac8_110_dynamic_html_python_3_11
[23:42:37.847095] GCP.HTTPTrigger-3bb6 Invoke function https://europe-west1-grounded-braid-458419-c5.cloudfunctions.net/sebs_d9b9fac8_110_dynamic_html_python_3_11
[23:42:37.846523] GCP.HTTPTrigger-3bb6 Invoke function https://europe-west1-grounded-braid-458419-c5.cloudfunctions.net/sebs_d9b9fac8_110_dynamic_html_python_3_11
[23:42:37.845696] GCP.HTTPTrigger-3bb6 Invoke function https://europe-west1-grounded-braid-458419-c5.cloudfunctions.net/sebs_d9b9fac8_110_dynamic_html_python_3_11
[23:42:37.845516] GCP.HTTPTrigger-3bb6 Invoke function https://europe-west1-grounded-braid-458419-c5.cloudfunctions.net/sebs_d9b9fac8_110_dynamic_html_python_3_11
[23:42:39.628540] GCP.HTTPTrigger-3bb6 Invoke of function was successful
[23:42:40.899618] GCP.HTTPTrigger-3bb6 Invoke of function was successful
[23:42:41.048401] GCP.HTTPTrigger-3bb6 Invoke of function was successful
[23:42:41.072917] GCP.HTTPTrigger-3bb6 Invoke of function was successful
[23:42:41.134131] GCP.HTTPTrigger-3bb6 Invoke of function was successful
[23:42:41.280017] GCP.HTTPTrigger-3bb6 Invoke of function was successful
[23:42:41.320469] GCP.HTTPTrigger-3bb6 Invoke of function was successful
[23:42:41.350890] GCP.HTTPTrigger-3bb6 Invoke of function was successful
[23:42:41.358201] GCP.HTTPTrigger-3bb6 Invoke of function was successful
[23:42:41.731868] GCP.HTTPTrigger-3bb6 Invoke of function was successful
[23:42:42.170793] GCP.HTTPTrigger-3bb6 Invoke of function was successful
[23:42:42.383536] GCP.HTTPTrigger-3bb6 Invoke of function was successful
[23:42:43.183116] GCP.HTTPTrigger-3bb6 Invoke of function was successful
[23:42:44.219045] GCP.HTTPTrigger-3bb6 Invoke of function was successful
[23:42:44.768743] GCP.HTTPTrigger-3bb6 Invoke of function was successful
[23:42:44.819317] GCP.HTTPTrigger-3bb6 Invoke of function was successful
[23:42:44.988539] GCP.HTTPTrigger-3bb6 Invoke of function was successful
[23:42:45.029368] GCP.HTTPTrigger-3bb6 Invoke of function was successful
[23:42:45.058781] GCP.HTTPTrigger-3bb6 Invoke of function was successful
[23:42:45.075977] GCP.HTTPTrigger-3bb6 Invoke of function was successful
[23:42:45.169217] GCP.HTTPTrigger-3bb6 Invoke of function was successful
[23:42:45.176229] GCP.HTTPTrigger-3bb6 Invoke of function was successful
[23:42:45.240023] GCP.HTTPTrigger-3bb6 Invoke of function was successful
[23:42:45.320743] GCP.HTTPTrigger-3bb6 Invoke of function was successful
[23:42:48.217922] GCP.HTTPTrigger-3bb6 Invocation on URL https://europe-west1-grounded-braid-458419-c5.cloudfunctions.net/sebs_d9b9fac8_110_dynamic_html_python_3_11 failed!
[23:42:48.218005] GCP.HTTPTrigger-3bb6 Output: upstream request timeout
[23:42:48.218323] Experiment.PerfCost-a800 Processed 0 warm-up samples, ignoring these results.
[23:43:40.999676] GCP-aac2 Published new function configuration.
[23:43:41.262707] GCP-aac2 Redeployed 1 out of 1
[23:43:46.268120] GCP.HTTPTrigger-3bb6 Invoke function https://europe-west1-grounded-braid-458419-c5.cloudfunctions.net/sebs_d9b9fac8_110_dynamic_html_python_3_11
[23:43:46.268338] GCP.HTTPTrigger-3bb6 Invoke function https://europe-west1-grounded-braid-458419-c5.cloudfunctions.net/sebs_d9b9fac8_110_dynamic_html_python_3_11
[23:43:46.268632] GCP.HTTPTrigger-3bb6 Invoke function https://europe-west1-grounded-braid-458419-c5.cloudfunctions.net/sebs_d9b9fac8_110_dynamic_html_python_3_11
[23:43:46.268803] GCP.HTTPTrigger-3bb6 Invoke function https://europe-west1-grounded-braid-458419-c5.cloudfunctions.net/sebs_d9b9fac8_110_dynamic_html_python_3_11
[23:43:46.268953] GCP.HTTPTrigger-3bb6 Invoke function https://europe-west1-grounded-braid-458419-c5.cloudfunctions.net/sebs_d9b9fac8_110_dynamic_html_python_3_11
[23:43:46.269150] GCP.HTTPTrigger-3bb6 Invoke function https://europe-west1-grounded-braid-458419-c5.cloudfunctions.net/sebs_d9b9fac8_110_dynamic_html_python_3_11
[23:43:46.269251] GCP.HTTPTrigger-3bb6 Invoke function https://europe-west1-grounded-braid-458419-c5.cloudfunctions.net/sebs_d9b9fac8_110_dynamic_html_python_3_11
[23:43:46.270603] GCP.HTTPTrigger-3bb6 Invoke function https://europe-west1-grounded-braid-458419-c5.cloudfunctions.net/sebs_d9b9fac8_110_dynamic_html_python_3_11
[23:43:46.269846] GCP.HTTPTrigger-3bb6 Invoke function https://europe-west1-grounded-braid-458419-c5.cloudfunctions.net/sebs_d9b9fac8_110_dynamic_html_python_3_11
[23:43:46.269514] GCP.HTTPTrigger-3bb6 Invoke function https://europe-west1-grounded-braid-458419-c5.cloudfunctions.net/sebs_d9b9fac8_110_dynamic_html_python_3_11
[23:43:46.270120] GCP.HTTPTrigger-3bb6 Invoke function https://europe-west1-grounded-braid-458419-c5.cloudfunctions.net/sebs_d9b9fac8_110_dynamic_html_python_3_11
[23:43:46.269614] GCP.HTTPTrigger-3bb6 Invoke function https://europe-west1-grounded-braid-458419-c5.cloudfunctions.net/sebs_d9b9fac8_110_dynamic_html_python_3_11
[23:43:46.271049] GCP.HTTPTrigger-3bb6 Invoke function https://europe-west1-grounded-braid-458419-c5.cloudfunctions.net/sebs_d9b9fac8_110_dynamic_html_python_3_11
[23:43:46.271341] GCP.HTTPTrigger-3bb6 Invoke function https://europe-west1-grounded-braid-458419-c5.cloudfunctions.net/sebs_d9b9fac8_110_dynamic_html_python_3_11
[23:43:46.270354] GCP.HTTPTrigger-3bb6 Invoke function https://europe-west1-grounded-braid-458419-c5.cloudfunctions.net/sebs_d9b9fac8_110_dynamic_html_python_3_11
[23:43:46.272009] GCP.HTTPTrigger-3bb6 Invoke function https://europe-west1-grounded-braid-458419-c5.cloudfunctions.net/sebs_d9b9fac8_110_dynamic_html_python_3_11
[23:43:46.269999] GCP.HTTPTrigger-3bb6 Invoke function https://europe-west1-grounded-braid-458419-c5.cloudfunctions.net/sebs_d9b9fac8_110_dynamic_html_python_3_11
[23:43:46.270241] GCP.HTTPTrigger-3bb6 Invoke function https://europe-west1-grounded-braid-458419-c5.cloudfunctions.net/sebs_d9b9fac8_110_dynamic_html_python_3_11
[23:43:46.271762] GCP.HTTPTrigger-3bb6 Invoke function https://europe-west1-grounded-braid-458419-c5.cloudfunctions.net/sebs_d9b9fac8_110_dynamic_html_python_3_11
[23:43:46.272302] GCP.HTTPTrigger-3bb6 Invoke function https://europe-west1-grounded-braid-458419-c5.cloudfunctions.net/sebs_d9b9fac8_110_dynamic_html_python_3_11
[23:43:46.271898] GCP.HTTPTrigger-3bb6 Invoke function https://europe-west1-grounded-braid-458419-c5.cloudfunctions.net/sebs_d9b9fac8_110_dynamic_html_python_3_11
[23:43:46.272502] GCP.HTTPTrigger-3bb6 Invoke function https://europe-west1-grounded-braid-458419-c5.cloudfunctions.net/sebs_d9b9fac8_110_dynamic_html_python_3_11
[23:43:46.269721] GCP.HTTPTrigger-3bb6 Invoke function https://europe-west1-grounded-braid-458419-c5.cloudfunctions.net/sebs_d9b9fac8_110_dynamic_html_python_3_11
[23:43:46.271213] GCP.HTTPTrigger-3bb6 Invoke function https://europe-west1-grounded-braid-458419-c5.cloudfunctions.net/sebs_d9b9fac8_110_dynamic_html_python_3_11
[23:43:46.270458] GCP.HTTPTrigger-3bb6 Invoke function https://europe-west1-grounded-braid-458419-c5.cloudfunctions.net/sebs_d9b9fac8_110_dynamic_html_python_3_11
[23:43:48.868876] GCP.HTTPTrigger-3bb6 Invoke of function was successful
[23:43:49.108218] GCP.HTTPTrigger-3bb6 Invoke of function was successful
[23:43:49.340288] GCP.HTTPTrigger-3bb6 Invoke of function was successful
[23:43:49.346685] GCP.HTTPTrigger-3bb6 Invoke of function was successful
[23:43:49.352242] GCP.HTTPTrigger-3bb6 Invoke of function was successful
[23:43:49.460607] GCP.HTTPTrigger-3bb6 Invoke of function was successful
[23:43:49.474997] GCP.HTTPTrigger-3bb6 Invoke of function was successful
[23:43:49.798178] GCP.HTTPTrigger-3bb6 Invoke of function was successful
[23:43:50.035981] GCP.HTTPTrigger-3bb6 Invoke of function was successful
[23:43:50.539449] GCP.HTTPTrigger-3bb6 Invoke of function was successful
[23:43:50.983902] GCP.HTTPTrigger-3bb6 Invoke of function was successful
[23:43:52.531947] GCP.HTTPTrigger-3bb6 Invoke of function was successful
[23:43:52.901144] GCP.HTTPTrigger-3bb6 Invoke of function was successful
[23:43:53.502708] GCP.HTTPTrigger-3bb6 Invoke of function was successful
[23:43:53.509205] GCP.HTTPTrigger-3bb6 Invoke of function was successful
[23:43:53.661136] GCP.HTTPTrigger-3bb6 Invoke of function was successful
[23:43:53.791643] GCP.HTTPTrigger-3bb6 Invoke of function was successful
[23:43:53.798315] GCP.HTTPTrigger-3bb6 Invoke of function was successful
[23:43:53.878098] GCP.HTTPTrigger-3bb6 Invoke of function was successful
[23:43:53.933299] GCP.HTTPTrigger-3bb6 Invoke of function was successful
[23:43:53.995984] GCP.HTTPTrigger-3bb6 Invoke of function was successful
[23:43:54.024247] GCP.HTTPTrigger-3bb6 Invoke of function was successful
[23:43:54.031362] GCP.HTTPTrigger-3bb6 Invoke of function was successful
[23:43:54.079275] GCP.HTTPTrigger-3bb6 Invoke of function was successful
[23:43:54.080381] Experiment.PerfCost-a800 Invocation qnzbc8gvuzm8 is not cold!
[23:43:54.218808] GCP.HTTPTrigger-3bb6 Invoke of function was successful
[23:43:54.219749] Experiment.PerfCost-a800 Processed 24 samples out of 125, 1 errors
[23:44:56.829163] GCP-aac2 Waiting for function deployment, 10 retries.
[23:45:02.016299] GCP-aac2 Published new function configuration.
[23:45:02.107441] GCP-aac2 Redeployed 1 out of 1
[23:45:07.111318] GCP.HTTPTrigger-3bb6 Invoke function https://europe-west1-grounded-braid-458419-c5.cloudfunctions.net/sebs_d9b9fac8_110_dynamic_html_python_3_11
[23:45:07.111668] GCP.HTTPTrigger-3bb6 Invoke function https://europe-west1-grounded-braid-458419-c5.cloudfunctions.net/sebs_d9b9fac8_110_dynamic_html_python_3_11
[23:45:07.111897] GCP.HTTPTrigger-3bb6 Invoke function https://europe-west1-grounded-braid-458419-c5.cloudfunctions.net/sebs_d9b9fac8_110_dynamic_html_python_3_11
[23:45:07.112072] GCP.HTTPTrigger-3bb6 Invoke function https://europe-west1-grounded-braid-458419-c5.cloudfunctions.net/sebs_d9b9fac8_110_dynamic_html_python_3_11
[23:45:07.112168] GCP.HTTPTrigger-3bb6 Invoke function https://europe-west1-grounded-braid-458419-c5.cloudfunctions.net/sebs_d9b9fac8_110_dynamic_html_python_3_11
[23:45:07.112508] GCP.HTTPTrigger-3bb6 Invoke function https://europe-west1-grounded-braid-458419-c5.cloudfunctions.net/sebs_d9b9fac8_110_dynamic_html_python_3_11
[23:45:07.112835] GCP.HTTPTrigger-3bb6 Invoke function https://europe-west1-grounded-braid-458419-c5.cloudfunctions.net/sebs_d9b9fac8_110_dynamic_html_python_3_11
[23:45:07.113068] GCP.HTTPTrigger-3bb6 Invoke function https://europe-west1-grounded-braid-458419-c5.cloudfunctions.net/sebs_d9b9fac8_110_dynamic_html_python_3_11
[23:45:07.113273] GCP.HTTPTrigger-3bb6 Invoke function https://europe-west1-grounded-braid-458419-c5.cloudfunctions.net/sebs_d9b9fac8_110_dynamic_html_python_3_11
[23:45:07.113627] GCP.HTTPTrigger-3bb6 Invoke function https://europe-west1-grounded-braid-458419-c5.cloudfunctions.net/sebs_d9b9fac8_110_dynamic_html_python_3_11
[23:45:07.113941] GCP.HTTPTrigger-3bb6 Invoke function https://europe-west1-grounded-braid-458419-c5.cloudfunctions.net/sebs_d9b9fac8_110_dynamic_html_python_3_11
[23:45:07.114355] GCP.HTTPTrigger-3bb6 Invoke function https://europe-west1-grounded-braid-458419-c5.cloudfunctions.net/sebs_d9b9fac8_110_dynamic_html_python_3_11
[23:45:07.114501] GCP.HTTPTrigger-3bb6 Invoke function https://europe-west1-grounded-braid-458419-c5.cloudfunctions.net/sebs_d9b9fac8_110_dynamic_html_python_3_11
[23:45:07.114833] GCP.HTTPTrigger-3bb6 Invoke function https://europe-west1-grounded-braid-458419-c5.cloudfunctions.net/sebs_d9b9fac8_110_dynamic_html_python_3_11
[23:45:07.113469] GCP.HTTPTrigger-3bb6 Invoke function https://europe-west1-grounded-braid-458419-c5.cloudfunctions.net/sebs_d9b9fac8_110_dynamic_html_python_3_11
[23:45:07.112414] GCP.HTTPTrigger-3bb6 Invoke function https://europe-west1-grounded-braid-458419-c5.cloudfunctions.net/sebs_d9b9fac8_110_dynamic_html_python_3_11
[23:45:07.114105] GCP.HTTPTrigger-3bb6 Invoke function https://europe-west1-grounded-braid-458419-c5.cloudfunctions.net/sebs_d9b9fac8_110_dynamic_html_python_3_11
[23:45:07.114624] GCP.HTTPTrigger-3bb6 Invoke function https://europe-west1-grounded-braid-458419-c5.cloudfunctions.net/sebs_d9b9fac8_110_dynamic_html_python_3_11
[23:45:07.115052] GCP.HTTPTrigger-3bb6 Invoke function https://europe-west1-grounded-braid-458419-c5.cloudfunctions.net/sebs_d9b9fac8_110_dynamic_html_python_3_11
[23:45:07.113743] GCP.HTTPTrigger-3bb6 Invoke function https://europe-west1-grounded-braid-458419-c5.cloudfunctions.net/sebs_d9b9fac8_110_dynamic_html_python_3_11
[23:45:07.112979] GCP.HTTPTrigger-3bb6 Invoke function https://europe-west1-grounded-braid-458419-c5.cloudfunctions.net/sebs_d9b9fac8_110_dynamic_html_python_3_11
[23:45:07.112688] GCP.HTTPTrigger-3bb6 Invoke function https://europe-west1-grounded-braid-458419-c5.cloudfunctions.net/sebs_d9b9fac8_110_dynamic_html_python_3_11
[23:45:07.114743] GCP.HTTPTrigger-3bb6 Invoke function https://europe-west1-grounded-braid-458419-c5.cloudfunctions.net/sebs_d9b9fac8_110_dynamic_html_python_3_11
[23:45:07.114241] GCP.HTTPTrigger-3bb6 Invoke function https://europe-west1-grounded-braid-458419-c5.cloudfunctions.net/sebs_d9b9fac8_110_dynamic_html_python_3_11
[23:45:07.112297] GCP.HTTPTrigger-3bb6 Invoke function https://europe-west1-grounded-braid-458419-c5.cloudfunctions.net/sebs_d9b9fac8_110_dynamic_html_python_3_11
[23:45:09.084065] GCP.HTTPTrigger-3bb6 Invoke of function was successful
[23:45:09.346399] GCP.HTTPTrigger-3bb6 Invoke of function was successful
[23:45:09.594672] GCP.HTTPTrigger-3bb6 Invoke of function was successful
[23:45:09.632344] GCP.HTTPTrigger-3bb6 Invoke of function was successful
[23:45:09.882848] GCP.HTTPTrigger-3bb6 Invoke of function was successful
[23:45:10.008153] GCP.HTTPTrigger-3bb6 Invoke of function was successful
[23:45:10.024349] GCP.HTTPTrigger-3bb6 Invoke of function was successful
[23:45:10.297291] GCP.HTTPTrigger-3bb6 Invoke of function was successful
[23:45:10.762603] GCP.HTTPTrigger-3bb6 Invoke of function was successful
[23:45:11.399286] GCP.HTTPTrigger-3bb6 Invoke of function was successful
[23:45:11.674192] GCP.HTTPTrigger-3bb6 Invoke of function was successful
[23:45:12.083505] GCP.HTTPTrigger-3bb6 Invoke of function was successful
[23:45:12.390037] GCP.HTTPTrigger-3bb6 Invoke of function was successful
[23:45:12.496503] GCP.HTTPTrigger-3bb6 Invoke of function was successful
[23:45:13.067088] GCP.HTTPTrigger-3bb6 Invoke of function was successful
[23:45:13.077090] GCP.HTTPTrigger-3bb6 Invoke of function was successful
[23:45:14.246946] GCP.HTTPTrigger-3bb6 Invoke of function was successful
[23:45:14.273503] GCP.HTTPTrigger-3bb6 Invoke of function was successful
[23:45:14.428243] GCP.HTTPTrigger-3bb6 Invoke of function was successful
[23:45:14.574566] GCP.HTTPTrigger-3bb6 Invoke of function was successful
[23:45:14.586734] GCP.HTTPTrigger-3bb6 Invoke of function was successful
[23:45:14.603694] GCP.HTTPTrigger-3bb6 Invoke of function was successful
[23:45:14.709190] GCP.HTTPTrigger-3bb6 Invoke of function was successful
[23:45:14.847440] GCP.HTTPTrigger-3bb6 Invoke of function was successful
[23:45:14.848413] Experiment.PerfCost-a800 Invocation 3v0qm6xchl5k is not cold!
[23:45:14.848660] Experiment.PerfCost-a800 Invocation h0zpq36x6dvz is not cold!
[23:45:17.337759] GCP.HTTPTrigger-3bb6 Invoke of function was successful
[23:45:17.338680] Experiment.PerfCost-a800 Invocation stp5a8ppnctv is not cold!
[23:45:17.338874] Experiment.PerfCost-a800 Invocation stp5fizd89mq is not cold!
[23:45:17.339115] Experiment.PerfCost-a800 Processed 45 samples out of 125, 1 errors
[23:46:14.474522] GCP-aac2 Published new function configuration.
[23:46:14.559533] GCP-aac2 Redeployed 1 out of 1
[23:46:19.562575] GCP.HTTPTrigger-3bb6 Invoke function https://europe-west1-grounded-braid-458419-c5.cloudfunctions.net/sebs_d9b9fac8_110_dynamic_html_python_3_11
[23:46:19.562734] GCP.HTTPTrigger-3bb6 Invoke function https://europe-west1-grounded-braid-458419-c5.cloudfunctions.net/sebs_d9b9fac8_110_dynamic_html_python_3_11
[23:46:19.562971] GCP.HTTPTrigger-3bb6 Invoke function https://europe-west1-grounded-braid-458419-c5.cloudfunctions.net/sebs_d9b9fac8_110_dynamic_html_python_3_11
[23:46:19.563060] GCP.HTTPTrigger-3bb6 Invoke function https://europe-west1-grounded-braid-458419-c5.cloudfunctions.net/sebs_d9b9fac8_110_dynamic_html_python_3_11
[23:46:19.563270] GCP.HTTPTrigger-3bb6 Invoke function https://europe-west1-grounded-braid-458419-c5.cloudfunctions.net/sebs_d9b9fac8_110_dynamic_html_python_3_11
[23:46:19.563477] GCP.HTTPTrigger-3bb6 Invoke function https://europe-west1-grounded-braid-458419-c5.cloudfunctions.net/sebs_d9b9fac8_110_dynamic_html_python_3_11
[23:46:19.563999] GCP.HTTPTrigger-3bb6 Invoke function https://europe-west1-grounded-braid-458419-c5.cloudfunctions.net/sebs_d9b9fac8_110_dynamic_html_python_3_11
[23:46:19.563788] GCP.HTTPTrigger-3bb6 Invoke function https://europe-west1-grounded-braid-458419-c5.cloudfunctions.net/sebs_d9b9fac8_110_dynamic_html_python_3_11
[23:46:19.564329] GCP.HTTPTrigger-3bb6 Invoke function https://europe-west1-grounded-braid-458419-c5.cloudfunctions.net/sebs_d9b9fac8_110_dynamic_html_python_3_11
[23:46:19.564439] GCP.HTTPTrigger-3bb6 Invoke function https://europe-west1-grounded-braid-458419-c5.cloudfunctions.net/sebs_d9b9fac8_110_dynamic_html_python_3_11
[23:46:19.564917] GCP.HTTPTrigger-3bb6 Invoke function https://europe-west1-grounded-braid-458419-c5.cloudfunctions.net/sebs_d9b9fac8_110_dynamic_html_python_3_11
[23:46:19.563892] GCP.HTTPTrigger-3bb6 Invoke function https://europe-west1-grounded-braid-458419-c5.cloudfunctions.net/sebs_d9b9fac8_110_dynamic_html_python_3_11
[23:46:19.565707] GCP.HTTPTrigger-3bb6 Invoke function https://europe-west1-grounded-braid-458419-c5.cloudfunctions.net/sebs_d9b9fac8_110_dynamic_html_python_3_11
[23:46:19.565829] GCP.HTTPTrigger-3bb6 Invoke function https://europe-west1-grounded-braid-458419-c5.cloudfunctions.net/sebs_d9b9fac8_110_dynamic_html_python_3_11
[23:46:19.566175] GCP.HTTPTrigger-3bb6 Invoke function https://europe-west1-grounded-braid-458419-c5.cloudfunctions.net/sebs_d9b9fac8_110_dynamic_html_python_3_11
[23:46:19.564558] GCP.HTTPTrigger-3bb6 Invoke function https://europe-west1-grounded-braid-458419-c5.cloudfunctions.net/sebs_d9b9fac8_110_dynamic_html_python_3_11
[23:46:19.565059] GCP.HTTPTrigger-3bb6 Invoke function https://europe-west1-grounded-braid-458419-c5.cloudfunctions.net/sebs_d9b9fac8_110_dynamic_html_python_3_11
[23:46:19.565459] GCP.HTTPTrigger-3bb6 Invoke function https://europe-west1-grounded-braid-458419-c5.cloudfunctions.net/sebs_d9b9fac8_110_dynamic_html_python_3_11
[23:46:19.565981] GCP.HTTPTrigger-3bb6 Invoke function https://europe-west1-grounded-braid-458419-c5.cloudfunctions.net/sebs_d9b9fac8_110_dynamic_html_python_3_11
[23:46:19.564661] GCP.HTTPTrigger-3bb6 Invoke function https://europe-west1-grounded-braid-458419-c5.cloudfunctions.net/sebs_d9b9fac8_110_dynamic_html_python_3_11
[23:46:19.564209] GCP.HTTPTrigger-3bb6 Invoke function https://europe-west1-grounded-braid-458419-c5.cloudfunctions.net/sebs_d9b9fac8_110_dynamic_html_python_3_11
[23:46:19.566426] GCP.HTTPTrigger-3bb6 Invoke function https://europe-west1-grounded-braid-458419-c5.cloudfunctions.net/sebs_d9b9fac8_110_dynamic_html_python_3_11
[23:46:19.565313] GCP.HTTPTrigger-3bb6 Invoke function https://europe-west1-grounded-braid-458419-c5.cloudfunctions.net/sebs_d9b9fac8_110_dynamic_html_python_3_11
[23:46:19.565576] GCP.HTTPTrigger-3bb6 Invoke function https://europe-west1-grounded-braid-458419-c5.cloudfunctions.net/sebs_d9b9fac8_110_dynamic_html_python_3_11
[23:46:19.566281] GCP.HTTPTrigger-3bb6 Invoke function https://europe-west1-grounded-braid-458419-c5.cloudfunctions.net/sebs_d9b9fac8_110_dynamic_html_python_3_11
[23:46:21.176098] GCP.HTTPTrigger-3bb6 Invoke of function was successful
[23:46:22.243191] GCP.HTTPTrigger-3bb6 Invoke of function was successful
[23:46:22.821856] GCP.HTTPTrigger-3bb6 Invoke of function was successful
[23:46:22.855131] GCP.HTTPTrigger-3bb6 Invoke of function was successful
[23:46:22.868888] GCP.HTTPTrigger-3bb6 Invoke of function was successful
[23:46:22.934900] GCP.HTTPTrigger-3bb6 Invoke of function was successful
[23:46:23.088319] GCP.HTTPTrigger-3bb6 Invoke of function was successful
[23:46:23.153530] GCP.HTTPTrigger-3bb6 Invoke of function was successful
[23:46:23.488674] GCP.HTTPTrigger-3bb6 Invoke of function was successful
[23:46:23.599855] GCP.HTTPTrigger-3bb6 Invoke of function was successful
[23:46:23.737942] GCP.HTTPTrigger-3bb6 Invoke of function was successful
[23:46:23.978622] GCP.HTTPTrigger-3bb6 Invoke of function was successful
[23:46:23.991648] GCP.HTTPTrigger-3bb6 Invoke of function was successful
[23:46:24.781029] GCP.HTTPTrigger-3bb6 Invoke of function was successful
[23:46:26.802066] GCP.HTTPTrigger-3bb6 Invoke of function was successful
[23:46:26.831014] GCP.HTTPTrigger-3bb6 Invoke of function was successful
[23:46:27.101952] GCP.HTTPTrigger-3bb6 Invoke of function was successful
[23:46:27.160394] GCP.HTTPTrigger-3bb6 Invoke of function was successful
[23:46:27.216683] GCP.HTTPTrigger-3bb6 Invoke of function was successful
[23:46:27.310352] GCP.HTTPTrigger-3bb6 Invoke of function was successful
[23:46:27.398623] GCP.HTTPTrigger-3bb6 Invoke of function was successful
[23:46:27.443647] GCP.HTTPTrigger-3bb6 Invoke of function was successful
[23:46:27.511055] GCP.HTTPTrigger-3bb6 Invoke of function was successful
[23:46:27.512084] Experiment.PerfCost-a800 Invocation da4sw3dq12rp is not cold!
[23:46:27.557374] GCP.HTTPTrigger-3bb6 Invoke of function was successful
[23:46:27.578664] GCP.HTTPTrigger-3bb6 Invoke of function was successful
[23:46:27.579571] Experiment.PerfCost-a800 Processed 69 samples out of 125, 1 errors
[23:47:30.060408] GCP-aac2 Waiting for function deployment, 10 retries.
[23:47:48.421461] GCP-aac2 Published new function configuration.
[23:47:48.499397] GCP-aac2 Redeployed 1 out of 1
[23:47:53.500859] GCP.HTTPTrigger-3bb6 Invoke function https://europe-west1-grounded-braid-458419-c5.cloudfunctions.net/sebs_d9b9fac8_110_dynamic_html_python_3_11
[23:47:53.501129] GCP.HTTPTrigger-3bb6 Invoke function https://europe-west1-grounded-braid-458419-c5.cloudfunctions.net/sebs_d9b9fac8_110_dynamic_html_python_3_11
[23:47:53.501361] GCP.HTTPTrigger-3bb6 Invoke function https://europe-west1-grounded-braid-458419-c5.cloudfunctions.net/sebs_d9b9fac8_110_dynamic_html_python_3_11
[23:47:53.501485] GCP.HTTPTrigger-3bb6 Invoke function https://europe-west1-grounded-braid-458419-c5.cloudfunctions.net/sebs_d9b9fac8_110_dynamic_html_python_3_11
[23:47:53.501586] GCP.HTTPTrigger-3bb6 Invoke function https://europe-west1-grounded-braid-458419-c5.cloudfunctions.net/sebs_d9b9fac8_110_dynamic_html_python_3_11
[23:47:53.501704] GCP.HTTPTrigger-3bb6 Invoke function https://europe-west1-grounded-braid-458419-c5.cloudfunctions.net/sebs_d9b9fac8_110_dynamic_html_python_3_11
[23:47:53.502457] GCP.HTTPTrigger-3bb6 Invoke function https://europe-west1-grounded-braid-458419-c5.cloudfunctions.net/sebs_d9b9fac8_110_dynamic_html_python_3_11
[23:47:53.502692] GCP.HTTPTrigger-3bb6 Invoke function https://europe-west1-grounded-braid-458419-c5.cloudfunctions.net/sebs_d9b9fac8_110_dynamic_html_python_3_11
[23:47:53.502914] GCP.HTTPTrigger-3bb6 Invoke function https://europe-west1-grounded-braid-458419-c5.cloudfunctions.net/sebs_d9b9fac8_110_dynamic_html_python_3_11
[23:47:53.503138] GCP.HTTPTrigger-3bb6 Invoke function https://europe-west1-grounded-braid-458419-c5.cloudfunctions.net/sebs_d9b9fac8_110_dynamic_html_python_3_11
[23:47:53.503333] GCP.HTTPTrigger-3bb6 Invoke function https://europe-west1-grounded-braid-458419-c5.cloudfunctions.net/sebs_d9b9fac8_110_dynamic_html_python_3_11
[23:47:53.503811] GCP.HTTPTrigger-3bb6 Invoke function https://europe-west1-grounded-braid-458419-c5.cloudfunctions.net/sebs_d9b9fac8_110_dynamic_html_python_3_11
[23:47:53.504153] GCP.HTTPTrigger-3bb6 Invoke function https://europe-west1-grounded-braid-458419-c5.cloudfunctions.net/sebs_d9b9fac8_110_dynamic_html_python_3_11
[23:47:53.504395] GCP.HTTPTrigger-3bb6 Invoke function https://europe-west1-grounded-braid-458419-c5.cloudfunctions.net/sebs_d9b9fac8_110_dynamic_html_python_3_11
[23:47:53.503021] GCP.HTTPTrigger-3bb6 Invoke function https://europe-west1-grounded-braid-458419-c5.cloudfunctions.net/sebs_d9b9fac8_110_dynamic_html_python_3_11
[23:47:53.501939] GCP.HTTPTrigger-3bb6 Invoke function https://europe-west1-grounded-braid-458419-c5.cloudfunctions.net/sebs_d9b9fac8_110_dynamic_html_python_3_11
[23:47:53.503928] GCP.HTTPTrigger-3bb6 Invoke function https://europe-west1-grounded-braid-458419-c5.cloudfunctions.net/sebs_d9b9fac8_110_dynamic_html_python_3_11
[23:47:53.502336] GCP.HTTPTrigger-3bb6 Invoke function https://europe-west1-grounded-braid-458419-c5.cloudfunctions.net/sebs_d9b9fac8_110_dynamic_html_python_3_11
[23:47:53.502567] GCP.HTTPTrigger-3bb6 Invoke function https://europe-west1-grounded-braid-458419-c5.cloudfunctions.net/sebs_d9b9fac8_110_dynamic_html_python_3_11
[23:47:53.503605] GCP.HTTPTrigger-3bb6 Invoke function https://europe-west1-grounded-braid-458419-c5.cloudfunctions.net/sebs_d9b9fac8_110_dynamic_html_python_3_11
[23:47:53.504291] GCP.HTTPTrigger-3bb6 Invoke function https://europe-west1-grounded-braid-458419-c5.cloudfunctions.net/sebs_d9b9fac8_110_dynamic_html_python_3_11
[23:47:53.504495] GCP.HTTPTrigger-3bb6 Invoke function https://europe-west1-grounded-braid-458419-c5.cloudfunctions.net/sebs_d9b9fac8_110_dynamic_html_python_3_11
[23:47:53.504042] GCP.HTTPTrigger-3bb6 Invoke function https://europe-west1-grounded-braid-458419-c5.cloudfunctions.net/sebs_d9b9fac8_110_dynamic_html_python_3_11
[23:47:53.502812] GCP.HTTPTrigger-3bb6 Invoke function https://europe-west1-grounded-braid-458419-c5.cloudfunctions.net/sebs_d9b9fac8_110_dynamic_html_python_3_11
[23:47:53.503492] GCP.HTTPTrigger-3bb6 Invoke function https://europe-west1-grounded-braid-458419-c5.cloudfunctions.net/sebs_d9b9fac8_110_dynamic_html_python_3_11
[23:47:56.289662] GCP.HTTPTrigger-3bb6 Invoke of function was successful
[23:47:56.469732] GCP.HTTPTrigger-3bb6 Invoke of function was successful
[23:47:56.621109] GCP.HTTPTrigger-3bb6 Invoke of function was successful
[23:47:56.644547] GCP.HTTPTrigger-3bb6 Invoke of function was successful
[23:47:56.698723] GCP.HTTPTrigger-3bb6 Invoke of function was successful
[23:47:56.761393] GCP.HTTPTrigger-3bb6 Invoke of function was successful
[23:47:56.774252] GCP.HTTPTrigger-3bb6 Invoke of function was successful
[23:47:56.781243] GCP.HTTPTrigger-3bb6 Invoke of function was successful
[23:47:58.044253] GCP.HTTPTrigger-3bb6 Invoke of function was successful
[23:47:58.535520] GCP.HTTPTrigger-3bb6 Invoke of function was successful
[23:48:00.485226] GCP.HTTPTrigger-3bb6 Invoke of function was successful
[23:48:01.064280] GCP.HTTPTrigger-3bb6 Invoke of function was successful
[23:48:01.070366] GCP.HTTPTrigger-3bb6 Invoke of function was successful
[23:48:01.465026] GCP.HTTPTrigger-3bb6 Invoke of function was successful
[23:48:01.514180] GCP.HTTPTrigger-3bb6 Invoke of function was successful
[23:48:01.555265] GCP.HTTPTrigger-3bb6 Invoke of function was successful
[23:48:01.568775] GCP.HTTPTrigger-3bb6 Invoke of function was successful
[23:48:01.575115] GCP.HTTPTrigger-3bb6 Invoke of function was successful
[23:48:01.630433] GCP.HTTPTrigger-3bb6 Invoke of function was successful
[23:48:01.734140] GCP.HTTPTrigger-3bb6 Invoke of function was successful
[23:48:01.740043] GCP.HTTPTrigger-3bb6 Invoke of function was successful
[23:48:01.802600] GCP.HTTPTrigger-3bb6 Invoke of function was successful
[23:48:01.851132] GCP.HTTPTrigger-3bb6 Invoke of function was successful
[23:48:01.861376] GCP.HTTPTrigger-3bb6 Invoke of function was successful
[23:48:01.866797] GCP.HTTPTrigger-3bb6 Invoke of function was successful
[23:48:01.867648] Experiment.PerfCost-a800 Invocation qcoji8t81ui3 is not cold!
[23:48:01.868094] Experiment.PerfCost-a800 Invocation nknwukfaq2l2 is not cold!
[23:48:01.868176] Experiment.PerfCost-a800 Processed 92 samples out of 125, 1 errors
[23:49:04.433145] GCP-aac2 Waiting for function deployment, 10 retries.
[23:49:09.613121] GCP-aac2 Published new function configuration.
[23:49:09.839378] GCP-aac2 Redeployed 1 out of 1
[23:49:14.844164] GCP.HTTPTrigger-3bb6 Invoke function https://europe-west1-grounded-braid-458419-c5.cloudfunctions.net/sebs_d9b9fac8_110_dynamic_html_python_3_11
[23:49:14.844410] GCP.HTTPTrigger-3bb6 Invoke function https://europe-west1-grounded-braid-458419-c5.cloudfunctions.net/sebs_d9b9fac8_110_dynamic_html_python_3_11
[23:49:14.844731] GCP.HTTPTrigger-3bb6 Invoke function https://europe-west1-grounded-braid-458419-c5.cloudfunctions.net/sebs_d9b9fac8_110_dynamic_html_python_3_11
[23:49:14.845016] GCP.HTTPTrigger-3bb6 Invoke function https://europe-west1-grounded-braid-458419-c5.cloudfunctions.net/sebs_d9b9fac8_110_dynamic_html_python_3_11
[23:49:14.845322] GCP.HTTPTrigger-3bb6 Invoke function https://europe-west1-grounded-braid-458419-c5.cloudfunctions.net/sebs_d9b9fac8_110_dynamic_html_python_3_11
[23:49:14.846721] GCP.HTTPTrigger-3bb6 Invoke function https://europe-west1-grounded-braid-458419-c5.cloudfunctions.net/sebs_d9b9fac8_110_dynamic_html_python_3_11
[23:49:14.846183] GCP.HTTPTrigger-3bb6 Invoke function https://europe-west1-grounded-braid-458419-c5.cloudfunctions.net/sebs_d9b9fac8_110_dynamic_html_python_3_11
[23:49:14.845475] GCP.HTTPTrigger-3bb6 Invoke function https://europe-west1-grounded-braid-458419-c5.cloudfunctions.net/sebs_d9b9fac8_110_dynamic_html_python_3_11
[23:49:14.846991] GCP.HTTPTrigger-3bb6 Invoke function https://europe-west1-grounded-braid-458419-c5.cloudfunctions.net/sebs_d9b9fac8_110_dynamic_html_python_3_11
[23:49:14.847239] GCP.HTTPTrigger-3bb6 Invoke function https://europe-west1-grounded-braid-458419-c5.cloudfunctions.net/sebs_d9b9fac8_110_dynamic_html_python_3_11
[23:49:14.847625] GCP.HTTPTrigger-3bb6 Invoke function https://europe-west1-grounded-braid-458419-c5.cloudfunctions.net/sebs_d9b9fac8_110_dynamic_html_python_3_11
[23:49:14.848538] GCP.HTTPTrigger-3bb6 Invoke function https://europe-west1-grounded-braid-458419-c5.cloudfunctions.net/sebs_d9b9fac8_110_dynamic_html_python_3_11
[23:49:14.846517] GCP.HTTPTrigger-3bb6 Invoke function https://europe-west1-grounded-braid-458419-c5.cloudfunctions.net/sebs_d9b9fac8_110_dynamic_html_python_3_11
[23:49:14.849227] GCP.HTTPTrigger-3bb6 Invoke function https://europe-west1-grounded-braid-458419-c5.cloudfunctions.net/sebs_d9b9fac8_110_dynamic_html_python_3_11
[23:49:14.849443] GCP.HTTPTrigger-3bb6 Invoke function https://europe-west1-grounded-braid-458419-c5.cloudfunctions.net/sebs_d9b9fac8_110_dynamic_html_python_3_11
[23:49:14.847433] GCP.HTTPTrigger-3bb6 Invoke function https://europe-west1-grounded-braid-458419-c5.cloudfunctions.net/sebs_d9b9fac8_110_dynamic_html_python_3_11
[23:49:14.848197] GCP.HTTPTrigger-3bb6 Invoke function https://europe-west1-grounded-braid-458419-c5.cloudfunctions.net/sebs_d9b9fac8_110_dynamic_html_python_3_11
[23:49:14.849099] GCP.HTTPTrigger-3bb6 Invoke function https://europe-west1-grounded-braid-458419-c5.cloudfunctions.net/sebs_d9b9fac8_110_dynamic_html_python_3_11
[23:49:14.849541] GCP.HTTPTrigger-3bb6 Invoke function https://europe-west1-grounded-braid-458419-c5.cloudfunctions.net/sebs_d9b9fac8_110_dynamic_html_python_3_11
[23:49:14.848786] GCP.HTTPTrigger-3bb6 Invoke function https://europe-west1-grounded-braid-458419-c5.cloudfunctions.net/sebs_d9b9fac8_110_dynamic_html_python_3_11
[23:49:14.847835] GCP.HTTPTrigger-3bb6 Invoke function https://europe-west1-grounded-braid-458419-c5.cloudfunctions.net/sebs_d9b9fac8_110_dynamic_html_python_3_11
[23:49:14.845691] GCP.HTTPTrigger-3bb6 Invoke function https://europe-west1-grounded-braid-458419-c5.cloudfunctions.net/sebs_d9b9fac8_110_dynamic_html_python_3_11
[23:49:14.849632] GCP.HTTPTrigger-3bb6 Invoke function https://europe-west1-grounded-braid-458419-c5.cloudfunctions.net/sebs_d9b9fac8_110_dynamic_html_python_3_11
[23:49:14.849011] GCP.HTTPTrigger-3bb6 Invoke function https://europe-west1-grounded-braid-458419-c5.cloudfunctions.net/sebs_d9b9fac8_110_dynamic_html_python_3_11
[23:49:14.845989] GCP.HTTPTrigger-3bb6 Invoke function https://europe-west1-grounded-braid-458419-c5.cloudfunctions.net/sebs_d9b9fac8_110_dynamic_html_python_3_11
[23:49:18.081068] GCP.HTTPTrigger-3bb6 Invoke of function was successful
[23:49:18.128762] GCP.HTTPTrigger-3bb6 Invoke of function was successful
[23:49:18.372767] GCP.HTTPTrigger-3bb6 Invoke of function was successful
[23:49:18.405675] GCP.HTTPTrigger-3bb6 Invoke of function was successful
[23:49:18.411236] GCP.HTTPTrigger-3bb6 Invoke of function was successful
[23:49:18.436218] GCP.HTTPTrigger-3bb6 Invoke of function was successful
[23:49:18.620858] GCP.HTTPTrigger-3bb6 Invoke of function was successful
[23:49:18.635640] GCP.HTTPTrigger-3bb6 Invoke of function was successful
[23:49:18.694837] GCP.HTTPTrigger-3bb6 Invoke of function was successful
[23:49:18.816633] GCP.HTTPTrigger-3bb6 Invoke of function was successful
[23:49:18.854265] GCP.HTTPTrigger-3bb6 Invoke of function was successful
[23:49:19.536329] GCP.HTTPTrigger-3bb6 Invoke of function was successful
[23:49:20.135789] GCP.HTTPTrigger-3bb6 Invoke of function was successful
[23:49:20.142173] GCP.HTTPTrigger-3bb6 Invoke of function was successful
[23:49:20.673244] GCP.HTTPTrigger-3bb6 Invoke of function was successful
[23:49:20.860234] GCP.HTTPTrigger-3bb6 Invoke of function was successful
[23:49:21.140328] GCP.HTTPTrigger-3bb6 Invoke of function was successful
[23:49:21.514295] GCP.HTTPTrigger-3bb6 Invoke of function was successful
[23:49:21.574030] GCP.HTTPTrigger-3bb6 Invoke of function was successful
[23:49:21.660227] GCP.HTTPTrigger-3bb6 Invoke of function was successful
[23:49:21.711769] GCP.HTTPTrigger-3bb6 Invoke of function was successful
[23:49:21.848986] GCP.HTTPTrigger-3bb6 Invoke of function was successful
[23:49:22.044867] GCP.HTTPTrigger-3bb6 Invoke of function was successful
[23:49:22.716067] GCP.HTTPTrigger-3bb6 Invoke of function was successful
[23:49:22.971862] GCP.HTTPTrigger-3bb6 Invoke of function was successful
[23:49:22.972753] Experiment.PerfCost-a800 Invocation 7v87fz5txvmm is not cold!
[23:49:22.973057] Experiment.PerfCost-a800 Invocation 0uv4jdzo8syi is not cold!
[23:49:22.973294] Experiment.PerfCost-a800 Processed 115 samples out of 125, 1 errors
[23:50:25.279101] GCP-aac2 Waiting for function deployment, 10 retries.
[23:50:30.458584] GCP-aac2 Published new function configuration.
[23:50:30.538877] GCP-aac2 Redeployed 1 out of 1
[23:50:35.543357] GCP.HTTPTrigger-3bb6 Invoke function https://europe-west1-grounded-braid-458419-c5.cloudfunctions.net/sebs_d9b9fac8_110_dynamic_html_python_3_11
[23:50:35.543554] GCP.HTTPTrigger-3bb6 Invoke function https://europe-west1-grounded-braid-458419-c5.cloudfunctions.net/sebs_d9b9fac8_110_dynamic_html_python_3_11
[23:50:35.543819] GCP.HTTPTrigger-3bb6 Invoke function https://europe-west1-grounded-braid-458419-c5.cloudfunctions.net/sebs_d9b9fac8_110_dynamic_html_python_3_11
[23:50:35.543888] GCP.HTTPTrigger-3bb6 Invoke function https://europe-west1-grounded-braid-458419-c5.cloudfunctions.net/sebs_d9b9fac8_110_dynamic_html_python_3_11
[23:50:35.544115] GCP.HTTPTrigger-3bb6 Invoke function https://europe-west1-grounded-braid-458419-c5.cloudfunctions.net/sebs_d9b9fac8_110_dynamic_html_python_3_11
[23:50:35.544195] GCP.HTTPTrigger-3bb6 Invoke function https://europe-west1-grounded-braid-458419-c5.cloudfunctions.net/sebs_d9b9fac8_110_dynamic_html_python_3_11
[23:50:35.544555] GCP.HTTPTrigger-3bb6 Invoke function https://europe-west1-grounded-braid-458419-c5.cloudfunctions.net/sebs_d9b9fac8_110_dynamic_html_python_3_11
[23:50:35.544351] GCP.HTTPTrigger-3bb6 Invoke function https://europe-west1-grounded-braid-458419-c5.cloudfunctions.net/sebs_d9b9fac8_110_dynamic_html_python_3_11
[23:50:35.545048] GCP.HTTPTrigger-3bb6 Invoke function https://europe-west1-grounded-braid-458419-c5.cloudfunctions.net/sebs_d9b9fac8_110_dynamic_html_python_3_11
[23:50:35.545274] GCP.HTTPTrigger-3bb6 Invoke function https://europe-west1-grounded-braid-458419-c5.cloudfunctions.net/sebs_d9b9fac8_110_dynamic_html_python_3_11
[23:50:35.545506] GCP.HTTPTrigger-3bb6 Invoke function https://europe-west1-grounded-braid-458419-c5.cloudfunctions.net/sebs_d9b9fac8_110_dynamic_html_python_3_11
[23:50:35.545971] GCP.HTTPTrigger-3bb6 Invoke function https://europe-west1-grounded-braid-458419-c5.cloudfunctions.net/sebs_d9b9fac8_110_dynamic_html_python_3_11
[23:50:35.546228] GCP.HTTPTrigger-3bb6 Invoke function https://europe-west1-grounded-braid-458419-c5.cloudfunctions.net/sebs_d9b9fac8_110_dynamic_html_python_3_11
[23:50:35.546649] GCP.HTTPTrigger-3bb6 Invoke function https://europe-west1-grounded-braid-458419-c5.cloudfunctions.net/sebs_d9b9fac8_110_dynamic_html_python_3_11
[23:50:35.544856] GCP.HTTPTrigger-3bb6 Invoke function https://europe-west1-grounded-braid-458419-c5.cloudfunctions.net/sebs_d9b9fac8_110_dynamic_html_python_3_11
[23:50:35.545736] GCP.HTTPTrigger-3bb6 Invoke function https://europe-west1-grounded-braid-458419-c5.cloudfunctions.net/sebs_d9b9fac8_110_dynamic_html_python_3_11
[23:50:35.546114] GCP.HTTPTrigger-3bb6 Invoke function https://europe-west1-grounded-braid-458419-c5.cloudfunctions.net/sebs_d9b9fac8_110_dynamic_html_python_3_11
[23:50:35.546441] GCP.HTTPTrigger-3bb6 Invoke function https://europe-west1-grounded-braid-458419-c5.cloudfunctions.net/sebs_d9b9fac8_110_dynamic_html_python_3_11
[23:50:35.544448] GCP.HTTPTrigger-3bb6 Invoke function https://europe-west1-grounded-braid-458419-c5.cloudfunctions.net/sebs_d9b9fac8_110_dynamic_html_python_3_11
[23:50:35.544649] GCP.HTTPTrigger-3bb6 Invoke function https://europe-west1-grounded-braid-458419-c5.cloudfunctions.net/sebs_d9b9fac8_110_dynamic_html_python_3_11
[23:50:35.546344] GCP.HTTPTrigger-3bb6 Invoke function https://europe-west1-grounded-braid-458419-c5.cloudfunctions.net/sebs_d9b9fac8_110_dynamic_html_python_3_11
[23:50:35.545161] GCP.HTTPTrigger-3bb6 Invoke function https://europe-west1-grounded-braid-458419-c5.cloudfunctions.net/sebs_d9b9fac8_110_dynamic_html_python_3_11
[23:50:35.545390] GCP.HTTPTrigger-3bb6 Invoke function https://europe-west1-grounded-braid-458419-c5.cloudfunctions.net/sebs_d9b9fac8_110_dynamic_html_python_3_11
[23:50:35.546545] GCP.HTTPTrigger-3bb6 Invoke function https://europe-west1-grounded-braid-458419-c5.cloudfunctions.net/sebs_d9b9fac8_110_dynamic_html_python_3_11
[23:50:35.545619] GCP.HTTPTrigger-3bb6 Invoke function https://europe-west1-grounded-braid-458419-c5.cloudfunctions.net/sebs_d9b9fac8_110_dynamic_html_python_3_11
[23:50:40.700554] GCP.HTTPTrigger-3bb6 Invoke of function was successful
[23:50:41.216762] GCP.HTTPTrigger-3bb6 Invoke of function was successful
[23:50:41.332305] GCP.HTTPTrigger-3bb6 Invoke of function was successful
[23:50:41.569897] GCP.HTTPTrigger-3bb6 Invoke of function was successful
[23:50:41.612896] GCP.HTTPTrigger-3bb6 Invoke of function was successful
[23:50:41.619318] GCP.HTTPTrigger-3bb6 Invoke of function was successful
[23:50:41.652311] GCP.HTTPTrigger-3bb6 Invoke of function was successful
[23:50:41.694933] GCP.HTTPTrigger-3bb6 Invoke of function was successful
[23:50:42.048716] GCP.HTTPTrigger-3bb6 Invoke of function was successful
[23:50:43.541200] GCP.HTTPTrigger-3bb6 Invoke of function was successful
[23:50:44.881715] GCP.HTTPTrigger-3bb6 Invoke of function was successful
[23:50:45.016522] GCP.HTTPTrigger-3bb6 Invoke of function was successful
[23:50:45.380883] GCP.HTTPTrigger-3bb6 Invoke of function was successful
[23:50:45.410997] GCP.HTTPTrigger-3bb6 Invoke of function was successful
[23:50:45.833151] GCP.HTTPTrigger-3bb6 Invoke of function was successful
[23:50:45.854983] GCP.HTTPTrigger-3bb6 Invoke of function was successful
[23:50:45.990643] GCP.HTTPTrigger-3bb6 Invoke of function was successful
[23:50:46.210076] GCP.HTTPTrigger-3bb6 Invoke of function was successful
[23:50:46.235620] GCP.HTTPTrigger-3bb6 Invoke of function was successful
[23:50:46.251685] GCP.HTTPTrigger-3bb6 Invoke of function was successful
[23:50:46.271299] GCP.HTTPTrigger-3bb6 Invoke of function was successful
[23:50:46.335485] GCP.HTTPTrigger-3bb6 Invoke of function was successful
[23:50:46.420953] GCP.HTTPTrigger-3bb6 Invoke of function was successful
[23:50:46.443198] GCP.HTTPTrigger-3bb6 Invoke of function was successful
[23:50:46.444187] Experiment.PerfCost-a800 Invocation 4cw64rudk35b is not cold!
[23:50:46.503277] GCP.HTTPTrigger-3bb6 Invoke of function was successful
[23:50:46.504324] Experiment.PerfCost-a800 Invocation panlv13sdpoo is not cold!
[23:50:46.504504] Experiment.PerfCost-a800 Processed 138 samples out of 125, 1 errors
[23:50:51.508992] Experiment.PerfCost-a800 Mean 5885.868956521741 [ms], median 6040.155 [ms], std 2397.6767835507476, CV 40.73615639869183
[23:50:51.509827] Experiment.PerfCost-a800 Parametric CI (Student's t-distribution) 0.95 from 5480.797408771844 to 6290.940504271638, within 6.882102723355132% of mean
[23:50:51.509939] Experiment.PerfCost-a800 Non-parametric CI 0.95 from 5028.809 to 7123.327, within 17.338280226252472% of median
[23:50:51.510589] Experiment.PerfCost-a800 Parametric CI (Student's t-distribution) 0.99 from 5350.7683463181465 to 6420.969566725335, within 9.09127631206748% of mean
[23:50:51.510690] Experiment.PerfCost-a800 Non-parametric CI 0.99 from 4554.168 to 7229.782, within 22.14855413478628% of median
[23:50:55.006910] Experiment.PerfCost-a800 Begin warm experiments
[23:51:00.018347] GCP.HTTPTrigger-3bb6 Invoke function https://europe-west1-grounded-braid-458419-c5.cloudfunctions.net/sebs_d9b9fac8_110_dynamic_html_python_3_11
[23:51:00.018636] GCP.HTTPTrigger-3bb6 Invoke function https://europe-west1-grounded-braid-458419-c5.cloudfunctions.net/sebs_d9b9fac8_110_dynamic_html_python_3_11
[23:51:00.018691] GCP.HTTPTrigger-3bb6 Invoke function https://europe-west1-grounded-braid-458419-c5.cloudfunctions.net/sebs_d9b9fac8_110_dynamic_html_python_3_11
[23:51:00.019046] GCP.HTTPTrigger-3bb6 Invoke function https://europe-west1-grounded-braid-458419-c5.cloudfunctions.net/sebs_d9b9fac8_110_dynamic_html_python_3_11
[23:51:00.019315] GCP.HTTPTrigger-3bb6 Invoke function https://europe-west1-grounded-braid-458419-c5.cloudfunctions.net/sebs_d9b9fac8_110_dynamic_html_python_3_11
[23:51:00.018973] GCP.HTTPTrigger-3bb6 Invoke function https://europe-west1-grounded-braid-458419-c5.cloudfunctions.net/sebs_d9b9fac8_110_dynamic_html_python_3_11
[23:51:00.019976] GCP.HTTPTrigger-3bb6 Invoke function https://europe-west1-grounded-braid-458419-c5.cloudfunctions.net/sebs_d9b9fac8_110_dynamic_html_python_3_11
[23:51:00.020158] GCP.HTTPTrigger-3bb6 Invoke function https://europe-west1-grounded-braid-458419-c5.cloudfunctions.net/sebs_d9b9fac8_110_dynamic_html_python_3_11
[23:51:00.020405] GCP.HTTPTrigger-3bb6 Invoke function https://europe-west1-grounded-braid-458419-c5.cloudfunctions.net/sebs_d9b9fac8_110_dynamic_html_python_3_11
[23:51:00.020704] GCP.HTTPTrigger-3bb6 Invoke function https://europe-west1-grounded-braid-458419-c5.cloudfunctions.net/sebs_d9b9fac8_110_dynamic_html_python_3_11
[23:51:00.019400] GCP.HTTPTrigger-3bb6 Invoke function https://europe-west1-grounded-braid-458419-c5.cloudfunctions.net/sebs_d9b9fac8_110_dynamic_html_python_3_11
[23:51:00.021246] GCP.HTTPTrigger-3bb6 Invoke function https://europe-west1-grounded-braid-458419-c5.cloudfunctions.net/sebs_d9b9fac8_110_dynamic_html_python_3_11
[23:51:00.019806] GCP.HTTPTrigger-3bb6 Invoke function https://europe-west1-grounded-braid-458419-c5.cloudfunctions.net/sebs_d9b9fac8_110_dynamic_html_python_3_11
[23:51:00.020074] GCP.HTTPTrigger-3bb6 Invoke function https://europe-west1-grounded-braid-458419-c5.cloudfunctions.net/sebs_d9b9fac8_110_dynamic_html_python_3_11
[23:51:00.020321] GCP.HTTPTrigger-3bb6 Invoke function https://europe-west1-grounded-braid-458419-c5.cloudfunctions.net/sebs_d9b9fac8_110_dynamic_html_python_3_11
[23:51:00.020789] GCP.HTTPTrigger-3bb6 Invoke function https://europe-west1-grounded-braid-458419-c5.cloudfunctions.net/sebs_d9b9fac8_110_dynamic_html_python_3_11
[23:51:00.019593] GCP.HTTPTrigger-3bb6 Invoke function https://europe-west1-grounded-braid-458419-c5.cloudfunctions.net/sebs_d9b9fac8_110_dynamic_html_python_3_11
[23:51:00.020238] GCP.HTTPTrigger-3bb6 Invoke function https://europe-west1-grounded-braid-458419-c5.cloudfunctions.net/sebs_d9b9fac8_110_dynamic_html_python_3_11
[23:51:00.020515] GCP.HTTPTrigger-3bb6 Invoke function https://europe-west1-grounded-braid-458419-c5.cloudfunctions.net/sebs_d9b9fac8_110_dynamic_html_python_3_11
[23:51:00.021002] GCP.HTTPTrigger-3bb6 Invoke function https://europe-west1-grounded-braid-458419-c5.cloudfunctions.net/sebs_d9b9fac8_110_dynamic_html_python_3_11
[23:51:00.019897] GCP.HTTPTrigger-3bb6 Invoke function https://europe-west1-grounded-braid-458419-c5.cloudfunctions.net/sebs_d9b9fac8_110_dynamic_html_python_3_11
[23:51:00.021615] GCP.HTTPTrigger-3bb6 Invoke function https://europe-west1-grounded-braid-458419-c5.cloudfunctions.net/sebs_d9b9fac8_110_dynamic_html_python_3_11
[23:51:00.020903] GCP.HTTPTrigger-3bb6 Invoke function https://europe-west1-grounded-braid-458419-c5.cloudfunctions.net/sebs_d9b9fac8_110_dynamic_html_python_3_11
[23:51:00.020615] GCP.HTTPTrigger-3bb6 Invoke function https://europe-west1-grounded-braid-458419-c5.cloudfunctions.net/sebs_d9b9fac8_110_dynamic_html_python_3_11
[23:51:00.021449] GCP.HTTPTrigger-3bb6 Invoke function https://europe-west1-grounded-braid-458419-c5.cloudfunctions.net/sebs_d9b9fac8_110_dynamic_html_python_3_11
[23:51:03.059015] GCP.HTTPTrigger-3bb6 Invoke of function was successful
[23:51:05.847637] GCP.HTTPTrigger-3bb6 Invoke of function was successful
[23:51:07.192933] GCP.HTTPTrigger-3bb6 Invoke of function was successful
[23:51:07.357043] GCP.HTTPTrigger-3bb6 Invoke of function was successful
[23:51:07.869771] GCP.HTTPTrigger-3bb6 Invoke of function was successful
[23:51:07.924664] GCP.HTTPTrigger-3bb6 Invoke of function was successful
[23:51:07.946588] GCP.HTTPTrigger-3bb6 Invoke of function was successful
[23:51:08.010443] GCP.HTTPTrigger-3bb6 Invoke of function was successful
[23:51:08.071933] GCP.HTTPTrigger-3bb6 Invoke of function was successful
[23:51:08.115210] GCP.HTTPTrigger-3bb6 Invoke of function was successful
[23:51:08.316059] GCP.HTTPTrigger-3bb6 Invoke of function was successful
[23:51:08.355541] GCP.HTTPTrigger-3bb6 Invoke of function was successful
[23:51:08.485222] GCP.HTTPTrigger-3bb6 Invoke of function was successful
[23:51:08.560749] GCP.HTTPTrigger-3bb6 Invoke of function was successful
[23:51:08.665728] GCP.HTTPTrigger-3bb6 Invoke of function was successful
[23:51:08.715838] GCP.HTTPTrigger-3bb6 Invoke of function was successful
[23:51:08.723187] GCP.HTTPTrigger-3bb6 Invoke of function was successful
[23:51:08.804796] GCP.HTTPTrigger-3bb6 Invoke of function was successful
[23:51:08.821929] GCP.HTTPTrigger-3bb6 Invoke of function was successful
[23:51:08.833284] GCP.HTTPTrigger-3bb6 Invoke of function was successful
[23:51:08.886172] GCP.HTTPTrigger-3bb6 Invoke of function was successful
[23:51:08.898621] GCP.HTTPTrigger-3bb6 Invoke of function was successful
[23:51:08.913737] GCP.HTTPTrigger-3bb6 Invoke of function was successful
[23:51:08.985987] GCP.HTTPTrigger-3bb6 Invoke of function was successful
[23:51:09.026381] GCP.HTTPTrigger-3bb6 Invoke of function was successful
[23:51:09.027309] Experiment.PerfCost-a800 Processed 0 warm-up samples, ignoring these results.
[23:51:21.974248] GCP.HTTPTrigger-3bb6 Invoke function https://europe-west1-grounded-braid-458419-c5.cloudfunctions.net/sebs_d9b9fac8_110_dynamic_html_python_3_11
[23:51:21.974504] GCP.HTTPTrigger-3bb6 Invoke function https://europe-west1-grounded-braid-458419-c5.cloudfunctions.net/sebs_d9b9fac8_110_dynamic_html_python_3_11
[23:51:21.974649] GCP.HTTPTrigger-3bb6 Invoke function https://europe-west1-grounded-braid-458419-c5.cloudfunctions.net/sebs_d9b9fac8_110_dynamic_html_python_3_11
[23:51:21.974738] GCP.HTTPTrigger-3bb6 Invoke function https://europe-west1-grounded-braid-458419-c5.cloudfunctions.net/sebs_d9b9fac8_110_dynamic_html_python_3_11
[23:51:21.974900] GCP.HTTPTrigger-3bb6 Invoke function https://europe-west1-grounded-braid-458419-c5.cloudfunctions.net/sebs_d9b9fac8_110_dynamic_html_python_3_11
[23:51:21.975209] GCP.HTTPTrigger-3bb6 Invoke function https://europe-west1-grounded-braid-458419-c5.cloudfunctions.net/sebs_d9b9fac8_110_dynamic_html_python_3_11
[23:51:21.975528] GCP.HTTPTrigger-3bb6 Invoke function https://europe-west1-grounded-braid-458419-c5.cloudfunctions.net/sebs_d9b9fac8_110_dynamic_html_python_3_11
[23:51:21.976421] GCP.HTTPTrigger-3bb6 Invoke function https://europe-west1-grounded-braid-458419-c5.cloudfunctions.net/sebs_d9b9fac8_110_dynamic_html_python_3_11
[23:51:21.975986] GCP.HTTPTrigger-3bb6 Invoke function https://europe-west1-grounded-braid-458419-c5.cloudfunctions.net/sebs_d9b9fac8_110_dynamic_html_python_3_11
[23:51:21.976593] GCP.HTTPTrigger-3bb6 Invoke function https://europe-west1-grounded-braid-458419-c5.cloudfunctions.net/sebs_d9b9fac8_110_dynamic_html_python_3_11
[23:51:21.976872] GCP.HTTPTrigger-3bb6 Invoke function https://europe-west1-grounded-braid-458419-c5.cloudfunctions.net/sebs_d9b9fac8_110_dynamic_html_python_3_11
[23:51:21.977109] GCP.HTTPTrigger-3bb6 Invoke function https://europe-west1-grounded-braid-458419-c5.cloudfunctions.net/sebs_d9b9fac8_110_dynamic_html_python_3_11
[23:51:21.976096] GCP.HTTPTrigger-3bb6 Invoke function https://europe-west1-grounded-braid-458419-c5.cloudfunctions.net/sebs_d9b9fac8_110_dynamic_html_python_3_11
[23:51:21.975707] GCP.HTTPTrigger-3bb6 Invoke function https://europe-west1-grounded-braid-458419-c5.cloudfunctions.net/sebs_d9b9fac8_110_dynamic_html_python_3_11
[23:51:21.975819] GCP.HTTPTrigger-3bb6 Invoke function https://europe-west1-grounded-braid-458419-c5.cloudfunctions.net/sebs_d9b9fac8_110_dynamic_html_python_3_11
[23:51:21.976991] GCP.HTTPTrigger-3bb6 Invoke function https://europe-west1-grounded-braid-458419-c5.cloudfunctions.net/sebs_d9b9fac8_110_dynamic_html_python_3_11
[23:51:21.977373] GCP.HTTPTrigger-3bb6 Invoke function https://europe-west1-grounded-braid-458419-c5.cloudfunctions.net/sebs_d9b9fac8_110_dynamic_html_python_3_11
[23:51:21.977921] GCP.HTTPTrigger-3bb6 Invoke function https://europe-west1-grounded-braid-458419-c5.cloudfunctions.net/sebs_d9b9fac8_110_dynamic_html_python_3_11
[23:51:21.976740] GCP.HTTPTrigger-3bb6 Invoke function https://europe-west1-grounded-braid-458419-c5.cloudfunctions.net/sebs_d9b9fac8_110_dynamic_html_python_3_11
[23:51:21.977588] GCP.HTTPTrigger-3bb6 Invoke function https://europe-west1-grounded-braid-458419-c5.cloudfunctions.net/sebs_d9b9fac8_110_dynamic_html_python_3_11
[23:51:21.976223] GCP.HTTPTrigger-3bb6 Invoke function https://europe-west1-grounded-braid-458419-c5.cloudfunctions.net/sebs_d9b9fac8_110_dynamic_html_python_3_11
[23:51:21.977799] GCP.HTTPTrigger-3bb6 Invoke function https://europe-west1-grounded-braid-458419-c5.cloudfunctions.net/sebs_d9b9fac8_110_dynamic_html_python_3_11
[23:51:21.975312] GCP.HTTPTrigger-3bb6 Invoke function https://europe-west1-grounded-braid-458419-c5.cloudfunctions.net/sebs_d9b9fac8_110_dynamic_html_python_3_11
[23:51:21.978005] GCP.HTTPTrigger-3bb6 Invoke function https://europe-west1-grounded-braid-458419-c5.cloudfunctions.net/sebs_d9b9fac8_110_dynamic_html_python_3_11
[23:51:21.977218] GCP.HTTPTrigger-3bb6 Invoke function https://europe-west1-grounded-braid-458419-c5.cloudfunctions.net/sebs_d9b9fac8_110_dynamic_html_python_3_11
[23:51:27.144636] GCP.HTTPTrigger-3bb6 Invoke of function was successful
[23:51:28.407419] GCP.HTTPTrigger-3bb6 Invoke of function was successful
[23:51:29.012901] GCP.HTTPTrigger-3bb6 Invoke of function was successful
[23:51:29.288681] GCP.HTTPTrigger-3bb6 Invoke of function was successful
[23:51:29.809234] GCP.HTTPTrigger-3bb6 Invoke of function was successful
[23:51:29.937207] GCP.HTTPTrigger-3bb6 Invoke of function was successful
[23:51:30.118819] GCP.HTTPTrigger-3bb6 Invoke of function was successful
[23:51:30.540902] GCP.HTTPTrigger-3bb6 Invoke of function was successful
[23:51:30.618859] GCP.HTTPTrigger-3bb6 Invoke of function was successful
[23:51:30.799594] GCP.HTTPTrigger-3bb6 Invoke of function was successful
[23:51:30.805654] GCP.HTTPTrigger-3bb6 Invoke of function was successful
[23:51:30.812620] GCP.HTTPTrigger-3bb6 Invoke of function was successful
[23:51:30.817986] GCP.HTTPTrigger-3bb6 Invoke of function was successful
[23:51:30.858528] GCP.HTTPTrigger-3bb6 Invoke of function was successful
[23:51:30.915629] GCP.HTTPTrigger-3bb6 Invoke of function was successful
[23:51:30.928198] GCP.HTTPTrigger-3bb6 Invoke of function was successful
[23:51:31.009031] GCP.HTTPTrigger-3bb6 Invoke of function was successful
[23:51:31.039422] GCP.HTTPTrigger-3bb6 Invoke of function was successful
[23:51:31.045229] GCP.HTTPTrigger-3bb6 Invoke of function was successful
[23:51:31.055196] GCP.HTTPTrigger-3bb6 Invoke of function was successful
[23:51:31.166519] GCP.HTTPTrigger-3bb6 Invoke of function was successful
[23:51:31.250266] GCP.HTTPTrigger-3bb6 Invoke of function was successful
[23:51:31.256465] GCP.HTTPTrigger-3bb6 Invoke of function was successful
[23:51:31.262334] GCP.HTTPTrigger-3bb6 Invoke of function was successful
[23:51:31.346973] GCP.HTTPTrigger-3bb6 Invoke of function was successful
[23:51:31.347955] Experiment.PerfCost-a800 Invocation s9c6gh1dbvk9 is cold!
[23:51:31.348345] Experiment.PerfCost-a800 Invocation h1j281z188dn is cold!
[23:51:31.348462] Experiment.PerfCost-a800 Invocation k7evhdoybae8 is cold!
[23:51:31.348608] Experiment.PerfCost-a800 Invocation gl0ifdeq5z2z is cold!
[23:51:31.348700] Experiment.PerfCost-a800 Invocation 164mqgalmu98 is cold!
[23:51:31.348822] Experiment.PerfCost-a800 Processed 20 samples out of 125, 0 errors
[23:51:41.358554] GCP.HTTPTrigger-3bb6 Invoke function https://europe-west1-grounded-braid-458419-c5.cloudfunctions.net/sebs_d9b9fac8_110_dynamic_html_python_3_11
[23:51:41.358832] GCP.HTTPTrigger-3bb6 Invoke function https://europe-west1-grounded-braid-458419-c5.cloudfunctions.net/sebs_d9b9fac8_110_dynamic_html_python_3_11
[23:51:41.359017] GCP.HTTPTrigger-3bb6 Invoke function https://europe-west1-grounded-braid-458419-c5.cloudfunctions.net/sebs_d9b9fac8_110_dynamic_html_python_3_11
[23:51:41.359215] GCP.HTTPTrigger-3bb6 Invoke function https://europe-west1-grounded-braid-458419-c5.cloudfunctions.net/sebs_d9b9fac8_110_dynamic_html_python_3_11
[23:51:41.359310] GCP.HTTPTrigger-3bb6 Invoke function https://europe-west1-grounded-braid-458419-c5.cloudfunctions.net/sebs_d9b9fac8_110_dynamic_html_python_3_11
[23:51:41.359662] GCP.HTTPTrigger-3bb6 Invoke function https://europe-west1-grounded-braid-458419-c5.cloudfunctions.net/sebs_d9b9fac8_110_dynamic_html_python_3_11
[23:51:41.359435] GCP.HTTPTrigger-3bb6 Invoke function https://europe-west1-grounded-braid-458419-c5.cloudfunctions.net/sebs_d9b9fac8_110_dynamic_html_python_3_11
[23:51:41.359556] GCP.HTTPTrigger-3bb6 Invoke function https://europe-west1-grounded-braid-458419-c5.cloudfunctions.net/sebs_d9b9fac8_110_dynamic_html_python_3_11
[23:51:41.360701] GCP.HTTPTrigger-3bb6 Invoke function https://europe-west1-grounded-braid-458419-c5.cloudfunctions.net/sebs_d9b9fac8_110_dynamic_html_python_3_11
[23:51:41.361070] GCP.HTTPTrigger-3bb6 Invoke function https://europe-west1-grounded-braid-458419-c5.cloudfunctions.net/sebs_d9b9fac8_110_dynamic_html_python_3_11
[23:51:41.361502] GCP.HTTPTrigger-3bb6 Invoke function https://europe-west1-grounded-braid-458419-c5.cloudfunctions.net/sebs_d9b9fac8_110_dynamic_html_python_3_11
[23:51:41.361826] GCP.HTTPTrigger-3bb6 Invoke function https://europe-west1-grounded-braid-458419-c5.cloudfunctions.net/sebs_d9b9fac8_110_dynamic_html_python_3_11
[23:51:41.360145] GCP.HTTPTrigger-3bb6 Invoke function https://europe-west1-grounded-braid-458419-c5.cloudfunctions.net/sebs_d9b9fac8_110_dynamic_html_python_3_11
[23:51:41.360283] GCP.HTTPTrigger-3bb6 Invoke function https://europe-west1-grounded-braid-458419-c5.cloudfunctions.net/sebs_d9b9fac8_110_dynamic_html_python_3_11
[23:51:41.360817] GCP.HTTPTrigger-3bb6 Invoke function https://europe-west1-grounded-braid-458419-c5.cloudfunctions.net/sebs_d9b9fac8_110_dynamic_html_python_3_11
[23:51:41.359785] GCP.HTTPTrigger-3bb6 Invoke function https://europe-west1-grounded-braid-458419-c5.cloudfunctions.net/sebs_d9b9fac8_110_dynamic_html_python_3_11
[23:51:41.361638] GCP.HTTPTrigger-3bb6 Invoke function https://europe-west1-grounded-braid-458419-c5.cloudfunctions.net/sebs_d9b9fac8_110_dynamic_html_python_3_11
[23:51:41.362043] GCP.HTTPTrigger-3bb6 Invoke function https://europe-west1-grounded-braid-458419-c5.cloudfunctions.net/sebs_d9b9fac8_110_dynamic_html_python_3_11
[23:51:41.360586] GCP.HTTPTrigger-3bb6 Invoke function https://europe-west1-grounded-braid-458419-c5.cloudfunctions.net/sebs_d9b9fac8_110_dynamic_html_python_3_11
[23:51:41.361737] GCP.HTTPTrigger-3bb6 Invoke function https://europe-west1-grounded-braid-458419-c5.cloudfunctions.net/sebs_d9b9fac8_110_dynamic_html_python_3_11
[23:51:41.360955] GCP.HTTPTrigger-3bb6 Invoke function https://europe-west1-grounded-braid-458419-c5.cloudfunctions.net/sebs_d9b9fac8_110_dynamic_html_python_3_11
[23:51:41.362207] GCP.HTTPTrigger-3bb6 Invoke function https://europe-west1-grounded-braid-458419-c5.cloudfunctions.net/sebs_d9b9fac8_110_dynamic_html_python_3_11
[23:51:41.360462] GCP.HTTPTrigger-3bb6 Invoke function https://europe-west1-grounded-braid-458419-c5.cloudfunctions.net/sebs_d9b9fac8_110_dynamic_html_python_3_11
[23:51:41.361320] GCP.HTTPTrigger-3bb6 Invoke function https://europe-west1-grounded-braid-458419-c5.cloudfunctions.net/sebs_d9b9fac8_110_dynamic_html_python_3_11
[23:51:41.359911] GCP.HTTPTrigger-3bb6 Invoke function https://europe-west1-grounded-braid-458419-c5.cloudfunctions.net/sebs_d9b9fac8_110_dynamic_html_python_3_11
[23:51:45.080774] GCP.HTTPTrigger-3bb6 Invoke of function was successful
[23:51:50.162520] GCP.HTTPTrigger-3bb6 Invoke of function was successful
[23:51:50.744103] GCP.HTTPTrigger-3bb6 Invoke of function was successful
[23:51:51.719425] GCP.HTTPTrigger-3bb6 Invoke of function was successful
[23:51:52.023433] GCP.HTTPTrigger-3bb6 Invoke of function was successful
[23:51:52.180683] GCP.HTTPTrigger-3bb6 Invoke of function was successful
[23:51:52.294805] GCP.HTTPTrigger-3bb6 Invoke of function was successful
[23:51:52.301148] GCP.HTTPTrigger-3bb6 Invoke of function was successful
[23:51:52.414327] GCP.HTTPTrigger-3bb6 Invoke of function was successful
[23:51:52.510028] GCP.HTTPTrigger-3bb6 Invoke of function was successful
[23:51:52.579337] GCP.HTTPTrigger-3bb6 Invoke of function was successful
[23:51:52.610981] GCP.HTTPTrigger-3bb6 Invoke of function was successful
[23:51:52.700546] GCP.HTTPTrigger-3bb6 Invoke of function was successful
[23:51:52.790600] GCP.HTTPTrigger-3bb6 Invoke of function was successful
[23:51:52.905510] GCP.HTTPTrigger-3bb6 Invoke of function was successful
[23:51:52.922669] GCP.HTTPTrigger-3bb6 Invoke of function was successful
[23:51:52.929034] GCP.HTTPTrigger-3bb6 Invoke of function was successful
[23:51:52.972463] GCP.HTTPTrigger-3bb6 Invoke of function was successful
[23:51:53.032281] GCP.HTTPTrigger-3bb6 Invoke of function was successful
[23:51:53.041759] GCP.HTTPTrigger-3bb6 Invoke of function was successful
[23:51:53.042773] Experiment.PerfCost-a800 Invocation ehtfw97ewc1p is cold!
[23:51:53.106300] GCP.HTTPTrigger-3bb6 Invoke of function was successful
[23:51:53.166180] GCP.HTTPTrigger-3bb6 Invoke of function was successful
[23:51:53.215802] GCP.HTTPTrigger-3bb6 Invoke of function was successful
[23:51:53.256811] GCP.HTTPTrigger-3bb6 Invoke of function was successful
[23:51:53.282600] GCP.HTTPTrigger-3bb6 Invoke of function was successful
[23:51:53.283840] Experiment.PerfCost-a800 Invocation 0ierd9qetld3 is cold!
[23:51:53.283981] Experiment.PerfCost-a800 Invocation 2y0g2ugxwadv is cold!
[23:51:53.284054] Experiment.PerfCost-a800 Invocation x8s7tuwrzq20 is cold!
[23:51:53.284130] Experiment.PerfCost-a800 Processed 41 samples out of 125, 0 errors
[23:52:03.289861] GCP.HTTPTrigger-3bb6 Invoke function https://europe-west1-grounded-braid-458419-c5.cloudfunctions.net/sebs_d9b9fac8_110_dynamic_html_python_3_11
[23:52:03.290113] GCP.HTTPTrigger-3bb6 Invoke function https://europe-west1-grounded-braid-458419-c5.cloudfunctions.net/sebs_d9b9fac8_110_dynamic_html_python_3_11
[23:52:03.290309] GCP.HTTPTrigger-3bb6 Invoke function https://europe-west1-grounded-braid-458419-c5.cloudfunctions.net/sebs_d9b9fac8_110_dynamic_html_python_3_11
[23:52:03.290589] GCP.HTTPTrigger-3bb6 Invoke function https://europe-west1-grounded-braid-458419-c5.cloudfunctions.net/sebs_d9b9fac8_110_dynamic_html_python_3_11
[23:52:03.290768] GCP.HTTPTrigger-3bb6 Invoke function https://europe-west1-grounded-braid-458419-c5.cloudfunctions.net/sebs_d9b9fac8_110_dynamic_html_python_3_11
[23:52:03.290895] GCP.HTTPTrigger-3bb6 Invoke function https://europe-west1-grounded-braid-458419-c5.cloudfunctions.net/sebs_d9b9fac8_110_dynamic_html_python_3_11
[23:52:03.291002] GCP.HTTPTrigger-3bb6 Invoke function https://europe-west1-grounded-braid-458419-c5.cloudfunctions.net/sebs_d9b9fac8_110_dynamic_html_python_3_11
[23:52:03.291339] GCP.HTTPTrigger-3bb6 Invoke function https://europe-west1-grounded-braid-458419-c5.cloudfunctions.net/sebs_d9b9fac8_110_dynamic_html_python_3_11
[23:52:03.291664] GCP.HTTPTrigger-3bb6 Invoke function https://europe-west1-grounded-braid-458419-c5.cloudfunctions.net/sebs_d9b9fac8_110_dynamic_html_python_3_11
[23:52:03.292069] GCP.HTTPTrigger-3bb6 Invoke function https://europe-west1-grounded-braid-458419-c5.cloudfunctions.net/sebs_d9b9fac8_110_dynamic_html_python_3_11
[23:52:03.292417] GCP.HTTPTrigger-3bb6 Invoke function https://europe-west1-grounded-braid-458419-c5.cloudfunctions.net/sebs_d9b9fac8_110_dynamic_html_python_3_11
[23:52:03.291117] GCP.HTTPTrigger-3bb6 Invoke function https://europe-west1-grounded-braid-458419-c5.cloudfunctions.net/sebs_d9b9fac8_110_dynamic_html_python_3_11
[23:52:03.293058] GCP.HTTPTrigger-3bb6 Invoke function https://europe-west1-grounded-braid-458419-c5.cloudfunctions.net/sebs_d9b9fac8_110_dynamic_html_python_3_11
[23:52:03.293458] GCP.HTTPTrigger-3bb6 Invoke function https://europe-west1-grounded-braid-458419-c5.cloudfunctions.net/sebs_d9b9fac8_110_dynamic_html_python_3_11
[23:52:03.293725] GCP.HTTPTrigger-3bb6 Invoke function https://europe-west1-grounded-braid-458419-c5.cloudfunctions.net/sebs_d9b9fac8_110_dynamic_html_python_3_11
[23:52:03.291440] GCP.HTTPTrigger-3bb6 Invoke function https://europe-west1-grounded-braid-458419-c5.cloudfunctions.net/sebs_d9b9fac8_110_dynamic_html_python_3_11
[23:52:03.291803] GCP.HTTPTrigger-3bb6 Invoke function https://europe-west1-grounded-braid-458419-c5.cloudfunctions.net/sebs_d9b9fac8_110_dynamic_html_python_3_11
[23:52:03.293629] GCP.HTTPTrigger-3bb6 Invoke function https://europe-west1-grounded-braid-458419-c5.cloudfunctions.net/sebs_d9b9fac8_110_dynamic_html_python_3_11
[23:52:03.291952] GCP.HTTPTrigger-3bb6 Invoke function https://europe-west1-grounded-braid-458419-c5.cloudfunctions.net/sebs_d9b9fac8_110_dynamic_html_python_3_11
[23:52:03.293217] GCP.HTTPTrigger-3bb6 Invoke function https://europe-west1-grounded-braid-458419-c5.cloudfunctions.net/sebs_d9b9fac8_110_dynamic_html_python_3_11
[23:52:03.292654] GCP.HTTPTrigger-3bb6 Invoke function https://europe-west1-grounded-braid-458419-c5.cloudfunctions.net/sebs_d9b9fac8_110_dynamic_html_python_3_11
[23:52:03.291228] GCP.HTTPTrigger-3bb6 Invoke function https://europe-west1-grounded-braid-458419-c5.cloudfunctions.net/sebs_d9b9fac8_110_dynamic_html_python_3_11
[23:52:03.292180] GCP.HTTPTrigger-3bb6 Invoke function https://europe-west1-grounded-braid-458419-c5.cloudfunctions.net/sebs_d9b9fac8_110_dynamic_html_python_3_11
[23:52:03.292844] GCP.HTTPTrigger-3bb6 Invoke function https://europe-west1-grounded-braid-458419-c5.cloudfunctions.net/sebs_d9b9fac8_110_dynamic_html_python_3_11
[23:52:03.293318] GCP.HTTPTrigger-3bb6 Invoke function https://europe-west1-grounded-braid-458419-c5.cloudfunctions.net/sebs_d9b9fac8_110_dynamic_html_python_3_11
[23:52:05.983826] GCP.HTTPTrigger-3bb6 Invoke of function was successful
[23:52:06.544633] GCP.HTTPTrigger-3bb6 Invoke of function was successful
[23:52:09.949465] GCP.HTTPTrigger-3bb6 Invoke of function was successful
[23:52:10.642190] GCP.HTTPTrigger-3bb6 Invoke of function was successful
[23:52:10.872391] GCP.HTTPTrigger-3bb6 Invoke of function was successful
[23:52:10.878337] GCP.HTTPTrigger-3bb6 Invoke of function was successful
[23:52:11.425814] GCP.HTTPTrigger-3bb6 Invoke of function was successful
[23:52:11.474723] GCP.HTTPTrigger-3bb6 Invoke of function was successful
[23:52:11.853335] GCP.HTTPTrigger-3bb6 Invoke of function was successful
[23:52:11.981054] GCP.HTTPTrigger-3bb6 Invoke of function was successful
[23:52:12.119904] GCP.HTTPTrigger-3bb6 Invoke of function was successful
[23:52:12.166012] GCP.HTTPTrigger-3bb6 Invoke of function was successful
[23:52:12.215916] GCP.HTTPTrigger-3bb6 Invoke of function was successful
[23:52:12.249485] GCP.HTTPTrigger-3bb6 Invoke of function was successful
[23:52:12.281919] GCP.HTTPTrigger-3bb6 Invoke of function was successful
[23:52:12.332853] GCP.HTTPTrigger-3bb6 Invoke of function was successful
[23:52:12.347284] GCP.HTTPTrigger-3bb6 Invoke of function was successful
[23:52:12.355562] GCP.HTTPTrigger-3bb6 Invoke of function was successful
[23:52:12.361287] GCP.HTTPTrigger-3bb6 Invoke of function was successful
[23:52:12.377156] GCP.HTTPTrigger-3bb6 Invoke of function was successful
[23:52:12.477458] GCP.HTTPTrigger-3bb6 Invoke of function was successful
[23:52:12.544432] GCP.HTTPTrigger-3bb6 Invoke of function was successful
[23:52:12.545384] Experiment.PerfCost-a800 Invocation qtfd0mn4t33q is cold!
[23:52:12.566653] GCP.HTTPTrigger-3bb6 Invoke of function was successful
[23:52:12.567646] Experiment.PerfCost-a800 Invocation y160q8q82zz3 is cold!
[23:52:12.567781] Experiment.PerfCost-a800 Invocation yw3ycl6byzbb is cold!
[23:52:12.567855] Experiment.PerfCost-a800 Invocation uarlsbzx9dop is cold!
[23:52:12.567927] Experiment.PerfCost-a800 Invocation fhy26393bokt is cold!
[23:52:12.601763] GCP.HTTPTrigger-3bb6 Invoke of function was successful
[23:52:12.690099] GCP.HTTPTrigger-3bb6 Invoke of function was successful
[23:52:12.691013] Experiment.PerfCost-a800 Invocation rg4j3pc6pi4z is cold!
[23:52:12.691195] Experiment.PerfCost-a800 Processed 60 samples out of 125, 0 errors
[23:52:25.630973] GCP.HTTPTrigger-3bb6 Invoke function https://europe-west1-grounded-braid-458419-c5.cloudfunctions.net/sebs_d9b9fac8_110_dynamic_html_python_3_11
[23:52:25.631204] GCP.HTTPTrigger-3bb6 Invoke function https://europe-west1-grounded-braid-458419-c5.cloudfunctions.net/sebs_d9b9fac8_110_dynamic_html_python_3_11
[23:52:25.631398] GCP.HTTPTrigger-3bb6 Invoke function https://europe-west1-grounded-braid-458419-c5.cloudfunctions.net/sebs_d9b9fac8_110_dynamic_html_python_3_11
[23:52:25.631868] GCP.HTTPTrigger-3bb6 Invoke function https://europe-west1-grounded-braid-458419-c5.cloudfunctions.net/sebs_d9b9fac8_110_dynamic_html_python_3_11
[23:52:25.631978] GCP.HTTPTrigger-3bb6 Invoke function https://europe-west1-grounded-braid-458419-c5.cloudfunctions.net/sebs_d9b9fac8_110_dynamic_html_python_3_11
[23:52:25.632303] GCP.HTTPTrigger-3bb6 Invoke function https://europe-west1-grounded-braid-458419-c5.cloudfunctions.net/sebs_d9b9fac8_110_dynamic_html_python_3_11
[23:52:25.632548] GCP.HTTPTrigger-3bb6 Invoke function https://europe-west1-grounded-braid-458419-c5.cloudfunctions.net/sebs_d9b9fac8_110_dynamic_html_python_3_11
[23:52:25.632873] GCP.HTTPTrigger-3bb6 Invoke function https://europe-west1-grounded-braid-458419-c5.cloudfunctions.net/sebs_d9b9fac8_110_dynamic_html_python_3_11
[23:52:25.633118] GCP.HTTPTrigger-3bb6 Invoke function https://europe-west1-grounded-braid-458419-c5.cloudfunctions.net/sebs_d9b9fac8_110_dynamic_html_python_3_11
[23:52:25.632195] GCP.HTTPTrigger-3bb6 Invoke function https://europe-west1-grounded-braid-458419-c5.cloudfunctions.net/sebs_d9b9fac8_110_dynamic_html_python_3_11
[23:52:25.633811] GCP.HTTPTrigger-3bb6 Invoke function https://europe-west1-grounded-braid-458419-c5.cloudfunctions.net/sebs_d9b9fac8_110_dynamic_html_python_3_11
[23:52:25.632660] GCP.HTTPTrigger-3bb6 Invoke function https://europe-west1-grounded-braid-458419-c5.cloudfunctions.net/sebs_d9b9fac8_110_dynamic_html_python_3_11
[23:52:25.634537] GCP.HTTPTrigger-3bb6 Invoke function https://europe-west1-grounded-braid-458419-c5.cloudfunctions.net/sebs_d9b9fac8_110_dynamic_html_python_3_11
[23:52:25.634856] GCP.HTTPTrigger-3bb6 Invoke function https://europe-west1-grounded-braid-458419-c5.cloudfunctions.net/sebs_d9b9fac8_110_dynamic_html_python_3_11
[23:52:25.633369] GCP.HTTPTrigger-3bb6 Invoke function https://europe-west1-grounded-braid-458419-c5.cloudfunctions.net/sebs_d9b9fac8_110_dynamic_html_python_3_11
[23:52:25.632091] GCP.HTTPTrigger-3bb6 Invoke function https://europe-west1-grounded-braid-458419-c5.cloudfunctions.net/sebs_d9b9fac8_110_dynamic_html_python_3_11
[23:52:25.632442] GCP.HTTPTrigger-3bb6 Invoke function https://europe-west1-grounded-braid-458419-c5.cloudfunctions.net/sebs_d9b9fac8_110_dynamic_html_python_3_11
[23:52:25.634219] GCP.HTTPTrigger-3bb6 Invoke function https://europe-west1-grounded-braid-458419-c5.cloudfunctions.net/sebs_d9b9fac8_110_dynamic_html_python_3_11
[23:52:25.634769] GCP.HTTPTrigger-3bb6 Invoke function https://europe-west1-grounded-braid-458419-c5.cloudfunctions.net/sebs_d9b9fac8_110_dynamic_html_python_3_11
[23:52:25.633521] GCP.HTTPTrigger-3bb6 Invoke function https://europe-west1-grounded-braid-458419-c5.cloudfunctions.net/sebs_d9b9fac8_110_dynamic_html_python_3_11
[23:52:25.634447] GCP.HTTPTrigger-3bb6 Invoke function https://europe-west1-grounded-braid-458419-c5.cloudfunctions.net/sebs_d9b9fac8_110_dynamic_html_python_3_11
[23:52:25.633638] GCP.HTTPTrigger-3bb6 Invoke function https://europe-west1-grounded-braid-458419-c5.cloudfunctions.net/sebs_d9b9fac8_110_dynamic_html_python_3_11
[23:52:25.633021] GCP.HTTPTrigger-3bb6 Invoke function https://europe-west1-grounded-braid-458419-c5.cloudfunctions.net/sebs_d9b9fac8_110_dynamic_html_python_3_11
[23:52:25.634326] GCP.HTTPTrigger-3bb6 Invoke function https://europe-west1-grounded-braid-458419-c5.cloudfunctions.net/sebs_d9b9fac8_110_dynamic_html_python_3_11
[23:52:25.633245] GCP.HTTPTrigger-3bb6 Invoke function https://europe-west1-grounded-braid-458419-c5.cloudfunctions.net/sebs_d9b9fac8_110_dynamic_html_python_3_11
[23:52:28.581433] GCP.HTTPTrigger-3bb6 Invoke of function was successful
[23:52:32.062074] GCP.HTTPTrigger-3bb6 Invoke of function was successful
[23:52:32.704186] GCP.HTTPTrigger-3bb6 Invoke of function was successful
[23:52:32.932463] GCP.HTTPTrigger-3bb6 Invoke of function was successful
[23:52:33.217516] GCP.HTTPTrigger-3bb6 Invoke of function was successful
[23:52:33.223968] GCP.HTTPTrigger-3bb6 Invoke of function was successful
[23:52:33.288260] GCP.HTTPTrigger-3bb6 Invoke of function was successful
[23:52:33.379418] GCP.HTTPTrigger-3bb6 Invoke of function was successful
[23:52:33.407993] GCP.HTTPTrigger-3bb6 Invoke of function was successful
[23:52:33.515486] GCP.HTTPTrigger-3bb6 Invoke of function was successful
[23:52:33.538976] GCP.HTTPTrigger-3bb6 Invoke of function was successful
[23:52:33.623478] GCP.HTTPTrigger-3bb6 Invoke of function was successful
[23:52:33.898654] GCP.HTTPTrigger-3bb6 Invoke of function was successful
[23:52:33.944701] GCP.HTTPTrigger-3bb6 Invoke of function was successful
[23:52:34.027100] GCP.HTTPTrigger-3bb6 Invoke of function was successful
[23:52:34.033614] GCP.HTTPTrigger-3bb6 Invoke of function was successful
[23:52:34.176405] GCP.HTTPTrigger-3bb6 Invoke of function was successful
[23:52:34.273587] GCP.HTTPTrigger-3bb6 Invoke of function was successful
[23:52:34.349846] GCP.HTTPTrigger-3bb6 Invoke of function was successful
[23:52:34.357674] GCP.HTTPTrigger-3bb6 Invoke of function was successful
[23:52:34.364154] GCP.HTTPTrigger-3bb6 Invoke of function was successful
[23:52:34.492999] GCP.HTTPTrigger-3bb6 Invoke of function was successful
[23:52:34.507967] GCP.HTTPTrigger-3bb6 Invoke of function was successful
[23:52:34.514212] GCP.HTTPTrigger-3bb6 Invoke of function was successful
[23:52:34.544390] GCP.HTTPTrigger-3bb6 Invoke of function was successful
[23:52:34.545616] Experiment.PerfCost-a800 Invocation g4sca5kewu1k is cold!
[23:52:34.545818] Experiment.PerfCost-a800 Processed 84 samples out of 125, 0 errors
[23:52:44.548480] GCP.HTTPTrigger-3bb6 Invoke function https://europe-west1-grounded-braid-458419-c5.cloudfunctions.net/sebs_d9b9fac8_110_dynamic_html_python_3_11
[23:52:44.548706] GCP.HTTPTrigger-3bb6 Invoke function https://europe-west1-grounded-braid-458419-c5.cloudfunctions.net/sebs_d9b9fac8_110_dynamic_html_python_3_11
[23:52:44.548910] GCP.HTTPTrigger-3bb6 Invoke function https://europe-west1-grounded-braid-458419-c5.cloudfunctions.net/sebs_d9b9fac8_110_dynamic_html_python_3_11
[23:52:44.549062] GCP.HTTPTrigger-3bb6 Invoke function https://europe-west1-grounded-braid-458419-c5.cloudfunctions.net/sebs_d9b9fac8_110_dynamic_html_python_3_11
[23:52:44.549243] GCP.HTTPTrigger-3bb6 Invoke function https://europe-west1-grounded-braid-458419-c5.cloudfunctions.net/sebs_d9b9fac8_110_dynamic_html_python_3_11
[23:52:44.549610] GCP.HTTPTrigger-3bb6 Invoke function https://europe-west1-grounded-braid-458419-c5.cloudfunctions.net/sebs_d9b9fac8_110_dynamic_html_python_3_11
[23:52:44.549957] GCP.HTTPTrigger-3bb6 Invoke function https://europe-west1-grounded-braid-458419-c5.cloudfunctions.net/sebs_d9b9fac8_110_dynamic_html_python_3_11
[23:52:44.550231] GCP.HTTPTrigger-3bb6 Invoke function https://europe-west1-grounded-braid-458419-c5.cloudfunctions.net/sebs_d9b9fac8_110_dynamic_html_python_3_11
[23:52:44.549746] GCP.HTTPTrigger-3bb6 Invoke function https://europe-west1-grounded-braid-458419-c5.cloudfunctions.net/sebs_d9b9fac8_110_dynamic_html_python_3_11
[23:52:44.550982] GCP.HTTPTrigger-3bb6 Invoke function https://europe-west1-grounded-braid-458419-c5.cloudfunctions.net/sebs_d9b9fac8_110_dynamic_html_python_3_11
[23:52:44.550661] GCP.HTTPTrigger-3bb6 Invoke function https://europe-west1-grounded-braid-458419-c5.cloudfunctions.net/sebs_d9b9fac8_110_dynamic_html_python_3_11
[23:52:44.551762] GCP.HTTPTrigger-3bb6 Invoke function https://europe-west1-grounded-braid-458419-c5.cloudfunctions.net/sebs_d9b9fac8_110_dynamic_html_python_3_11
[23:52:44.552013] GCP.HTTPTrigger-3bb6 Invoke function https://europe-west1-grounded-braid-458419-c5.cloudfunctions.net/sebs_d9b9fac8_110_dynamic_html_python_3_11
[23:52:44.550348] GCP.HTTPTrigger-3bb6 Invoke function https://europe-west1-grounded-braid-458419-c5.cloudfunctions.net/sebs_d9b9fac8_110_dynamic_html_python_3_11
[23:52:44.551149] GCP.HTTPTrigger-3bb6 Invoke function https://europe-west1-grounded-braid-458419-c5.cloudfunctions.net/sebs_d9b9fac8_110_dynamic_html_python_3_11
[23:52:44.549854] GCP.HTTPTrigger-3bb6 Invoke function https://europe-west1-grounded-braid-458419-c5.cloudfunctions.net/sebs_d9b9fac8_110_dynamic_html_python_3_11
[23:52:44.551627] GCP.HTTPTrigger-3bb6 Invoke function https://europe-west1-grounded-braid-458419-c5.cloudfunctions.net/sebs_d9b9fac8_110_dynamic_html_python_3_11
[23:52:44.552132] GCP.HTTPTrigger-3bb6 Invoke function https://europe-west1-grounded-braid-458419-c5.cloudfunctions.net/sebs_d9b9fac8_110_dynamic_html_python_3_11
[23:52:44.550817] GCP.HTTPTrigger-3bb6 Invoke function https://europe-west1-grounded-braid-458419-c5.cloudfunctions.net/sebs_d9b9fac8_110_dynamic_html_python_3_11
[23:52:44.551539] GCP.HTTPTrigger-3bb6 Invoke function https://europe-west1-grounded-braid-458419-c5.cloudfunctions.net/sebs_d9b9fac8_110_dynamic_html_python_3_11
[23:52:44.550117] GCP.HTTPTrigger-3bb6 Invoke function https://europe-west1-grounded-braid-458419-c5.cloudfunctions.net/sebs_d9b9fac8_110_dynamic_html_python_3_11
[23:52:44.552350] GCP.HTTPTrigger-3bb6 Invoke function https://europe-west1-grounded-braid-458419-c5.cloudfunctions.net/sebs_d9b9fac8_110_dynamic_html_python_3_11
[23:52:44.550451] GCP.HTTPTrigger-3bb6 Invoke function https://europe-west1-grounded-braid-458419-c5.cloudfunctions.net/sebs_d9b9fac8_110_dynamic_html_python_3_11
[23:52:44.551332] GCP.HTTPTrigger-3bb6 Invoke function https://europe-west1-grounded-braid-458419-c5.cloudfunctions.net/sebs_d9b9fac8_110_dynamic_html_python_3_11
[23:52:44.549405] GCP.HTTPTrigger-3bb6 Invoke function https://europe-west1-grounded-braid-458419-c5.cloudfunctions.net/sebs_d9b9fac8_110_dynamic_html_python_3_11
[23:52:47.168398] GCP.HTTPTrigger-3bb6 Invoke of function was successful
[23:52:50.290427] GCP.HTTPTrigger-3bb6 Invoke of function was successful
[23:52:50.863712] GCP.HTTPTrigger-3bb6 Invoke of function was successful
[23:52:51.381120] GCP.HTTPTrigger-3bb6 Invoke of function was successful
[23:52:51.748494] GCP.HTTPTrigger-3bb6 Invoke of function was successful
[23:52:52.304159] GCP.HTTPTrigger-3bb6 Invoke of function was successful
[23:52:52.442212] GCP.HTTPTrigger-3bb6 Invoke of function was successful
[23:52:52.464462] GCP.HTTPTrigger-3bb6 Invoke of function was successful
[23:52:52.554346] GCP.HTTPTrigger-3bb6 Invoke of function was successful
[23:52:52.648462] GCP.HTTPTrigger-3bb6 Invoke of function was successful
[23:52:52.668316] GCP.HTTPTrigger-3bb6 Invoke of function was successful
[23:52:52.701645] GCP.HTTPTrigger-3bb6 Invoke of function was successful
[23:52:52.832531] GCP.HTTPTrigger-3bb6 Invoke of function was successful
[23:52:52.849764] GCP.HTTPTrigger-3bb6 Invoke of function was successful
[23:52:52.931607] GCP.HTTPTrigger-3bb6 Invoke of function was successful
[23:52:52.956780] GCP.HTTPTrigger-3bb6 Invoke of function was successful
[23:52:53.015273] GCP.HTTPTrigger-3bb6 Invoke of function was successful
[23:52:53.041566] GCP.HTTPTrigger-3bb6 Invoke of function was successful
[23:52:53.093686] GCP.HTTPTrigger-3bb6 Invoke of function was successful
[23:52:53.094604] Experiment.PerfCost-a800 Invocation x7adslz2ad7w is cold!
[23:52:53.138370] GCP.HTTPTrigger-3bb6 Invoke of function was successful
[23:52:53.164722] GCP.HTTPTrigger-3bb6 Invoke of function was successful
[23:52:53.170468] GCP.HTTPTrigger-3bb6 Invoke of function was successful
[23:52:53.171589] Experiment.PerfCost-a800 Invocation 8ul2uj1blpjt is cold!
[23:52:53.237137] GCP.HTTPTrigger-3bb6 Invoke of function was successful
[23:52:53.293354] GCP.HTTPTrigger-3bb6 Invoke of function was successful
[23:52:53.312007] GCP.HTTPTrigger-3bb6 Invoke of function was successful
[23:52:53.312941] Experiment.PerfCost-a800 Processed 107 samples out of 125, 0 errors
[23:53:06.253297] GCP.HTTPTrigger-3bb6 Invoke function https://europe-west1-grounded-braid-458419-c5.cloudfunctions.net/sebs_d9b9fac8_110_dynamic_html_python_3_11
[23:53:06.253527] GCP.HTTPTrigger-3bb6 Invoke function https://europe-west1-grounded-braid-458419-c5.cloudfunctions.net/sebs_d9b9fac8_110_dynamic_html_python_3_11
[23:53:06.253792] GCP.HTTPTrigger-3bb6 Invoke function https://europe-west1-grounded-braid-458419-c5.cloudfunctions.net/sebs_d9b9fac8_110_dynamic_html_python_3_11
[23:53:06.254094] GCP.HTTPTrigger-3bb6 Invoke function https://europe-west1-grounded-braid-458419-c5.cloudfunctions.net/sebs_d9b9fac8_110_dynamic_html_python_3_11
[23:53:06.254183] GCP.HTTPTrigger-3bb6 Invoke function https://europe-west1-grounded-braid-458419-c5.cloudfunctions.net/sebs_d9b9fac8_110_dynamic_html_python_3_11
[23:53:06.254269] GCP.HTTPTrigger-3bb6 Invoke function https://europe-west1-grounded-braid-458419-c5.cloudfunctions.net/sebs_d9b9fac8_110_dynamic_html_python_3_11
[23:53:06.255185] GCP.HTTPTrigger-3bb6 Invoke function https://europe-west1-grounded-braid-458419-c5.cloudfunctions.net/sebs_d9b9fac8_110_dynamic_html_python_3_11
[23:53:06.254928] GCP.HTTPTrigger-3bb6 Invoke function https://europe-west1-grounded-braid-458419-c5.cloudfunctions.net/sebs_d9b9fac8_110_dynamic_html_python_3_11
[23:53:06.254742] GCP.HTTPTrigger-3bb6 Invoke function https://europe-west1-grounded-braid-458419-c5.cloudfunctions.net/sebs_d9b9fac8_110_dynamic_html_python_3_11
[23:53:06.255375] GCP.HTTPTrigger-3bb6 Invoke function https://europe-west1-grounded-braid-458419-c5.cloudfunctions.net/sebs_d9b9fac8_110_dynamic_html_python_3_11
[23:53:06.255863] GCP.HTTPTrigger-3bb6 Invoke function https://europe-west1-grounded-braid-458419-c5.cloudfunctions.net/sebs_d9b9fac8_110_dynamic_html_python_3_11
[23:53:06.256197] GCP.HTTPTrigger-3bb6 Invoke function https://europe-west1-grounded-braid-458419-c5.cloudfunctions.net/sebs_d9b9fac8_110_dynamic_html_python_3_11
[23:53:06.255498] GCP.HTTPTrigger-3bb6 Invoke function https://europe-west1-grounded-braid-458419-c5.cloudfunctions.net/sebs_d9b9fac8_110_dynamic_html_python_3_11
[23:53:06.257196] GCP.HTTPTrigger-3bb6 Invoke function https://europe-west1-grounded-braid-458419-c5.cloudfunctions.net/sebs_d9b9fac8_110_dynamic_html_python_3_11
[23:53:06.257460] GCP.HTTPTrigger-3bb6 Invoke function https://europe-west1-grounded-braid-458419-c5.cloudfunctions.net/sebs_d9b9fac8_110_dynamic_html_python_3_11
[23:53:06.256081] GCP.HTTPTrigger-3bb6 Invoke function https://europe-west1-grounded-braid-458419-c5.cloudfunctions.net/sebs_d9b9fac8_110_dynamic_html_python_3_11
[23:53:06.256761] GCP.HTTPTrigger-3bb6 Invoke function https://europe-west1-grounded-braid-458419-c5.cloudfunctions.net/sebs_d9b9fac8_110_dynamic_html_python_3_11
[23:53:06.257296] GCP.HTTPTrigger-3bb6 Invoke function https://europe-west1-grounded-braid-458419-c5.cloudfunctions.net/sebs_d9b9fac8_110_dynamic_html_python_3_11
[23:53:06.257593] GCP.HTTPTrigger-3bb6 Invoke function https://europe-west1-grounded-braid-458419-c5.cloudfunctions.net/sebs_d9b9fac8_110_dynamic_html_python_3_11
[23:53:06.255039] GCP.HTTPTrigger-3bb6 Invoke function https://europe-west1-grounded-braid-458419-c5.cloudfunctions.net/sebs_d9b9fac8_110_dynamic_html_python_3_11
[23:53:06.254522] GCP.HTTPTrigger-3bb6 Invoke function https://europe-west1-grounded-braid-458419-c5.cloudfunctions.net/sebs_d9b9fac8_110_dynamic_html_python_3_11
[23:53:06.255737] GCP.HTTPTrigger-3bb6 Invoke function https://europe-west1-grounded-braid-458419-c5.cloudfunctions.net/sebs_d9b9fac8_110_dynamic_html_python_3_11
[23:53:06.255613] GCP.HTTPTrigger-3bb6 Invoke function https://europe-west1-grounded-braid-458419-c5.cloudfunctions.net/sebs_d9b9fac8_110_dynamic_html_python_3_11
[23:53:06.257046] GCP.HTTPTrigger-3bb6 Invoke function https://europe-west1-grounded-braid-458419-c5.cloudfunctions.net/sebs_d9b9fac8_110_dynamic_html_python_3_11
[23:53:06.255975] GCP.HTTPTrigger-3bb6 Invoke function https://europe-west1-grounded-braid-458419-c5.cloudfunctions.net/sebs_d9b9fac8_110_dynamic_html_python_3_11
[23:53:09.245140] GCP.HTTPTrigger-3bb6 Invoke of function was successful
[23:53:13.552361] GCP.HTTPTrigger-3bb6 Invoke of function was successful
[23:53:13.565748] GCP.HTTPTrigger-3bb6 Invoke of function was successful
[23:53:13.725984] GCP.HTTPTrigger-3bb6 Invoke of function was successful
[23:53:13.849396] GCP.HTTPTrigger-3bb6 Invoke of function was successful
[23:53:13.915635] GCP.HTTPTrigger-3bb6 Invoke of function was successful
[23:53:13.954346] GCP.HTTPTrigger-3bb6 Invoke of function was successful
[23:53:14.069318] GCP.HTTPTrigger-3bb6 Invoke of function was successful
[23:53:14.150692] GCP.HTTPTrigger-3bb6 Invoke of function was successful
[23:53:14.396277] GCP.HTTPTrigger-3bb6 Invoke of function was successful
[23:53:14.475706] GCP.HTTPTrigger-3bb6 Invoke of function was successful
[23:53:14.481575] GCP.HTTPTrigger-3bb6 Invoke of function was successful
[23:53:14.574081] GCP.HTTPTrigger-3bb6 Invoke of function was successful
[23:53:14.673959] GCP.HTTPTrigger-3bb6 Invoke of function was successful
[23:53:14.751291] GCP.HTTPTrigger-3bb6 Invoke of function was successful
[23:53:14.788340] GCP.HTTPTrigger-3bb6 Invoke of function was successful
[23:53:14.860656] GCP.HTTPTrigger-3bb6 Invoke of function was successful
[23:53:14.881834] GCP.HTTPTrigger-3bb6 Invoke of function was successful
[23:53:14.921972] GCP.HTTPTrigger-3bb6 Invoke of function was successful
[23:53:14.936925] GCP.HTTPTrigger-3bb6 Invoke of function was successful
[23:53:14.944943] GCP.HTTPTrigger-3bb6 Invoke of function was successful
[23:53:14.958561] GCP.HTTPTrigger-3bb6 Invoke of function was successful
[23:53:15.015283] GCP.HTTPTrigger-3bb6 Invoke of function was successful
[23:53:15.080121] GCP.HTTPTrigger-3bb6 Invoke of function was successful
[23:53:15.081108] Experiment.PerfCost-a800 Invocation nl8hv6mq6eol is cold!
[23:53:15.081258] Experiment.PerfCost-a800 Invocation n6k9hg3jmmz8 is cold!
[23:53:15.081330] Experiment.PerfCost-a800 Invocation 51yl7oxxk653 is cold!
[23:53:15.081422] Experiment.PerfCost-a800 Invocation wa7yr8eoxh3b is cold!
[23:53:15.153323] GCP.HTTPTrigger-3bb6 Invoke of function was successful
[23:53:15.154195] Experiment.PerfCost-a800 Invocation 9rjt5rn9ksdj is cold!
[23:53:15.154365] Experiment.PerfCost-a800 Invocation fmvm1jwqp2g4 is cold!
[23:53:15.154651] Experiment.PerfCost-a800 Processed 126 samples out of 125, 0 errors
[23:53:20.159517] Experiment.PerfCost-a800 Mean 8451.563650793649 [ms], median 8587.072 [ms], std 1790.5605483759687, CV 21.186145219504144
[23:53:20.160414] Experiment.PerfCost-a800 Parametric CI (Student's t-distribution) 0.95 from 8134.601770717621 to 8768.525530869678, within 3.7503341768746443% of mean
[23:53:20.160603] Experiment.PerfCost-a800 Non-parametric CI 0.95 from 8372.657 to 8752.666, within 2.2126808765548955% of median
[23:53:20.161190] Experiment.PerfCost-a800 Parametric CI (Student's t-distribution) 0.99 from 8032.647138735911 to 8870.480162851387, within 4.956674638762255% of mean
[23:53:20.161298] Experiment.PerfCost-a800 Non-parametric CI 0.99 from 8291.367 to 8824.06, within 3.1017149966833824% of median
[23:53:23.247835] Benchmark-6297 Update cached config /home/zia/serverless-benchmarks/experiments/perf_cost/gcp/cache/gcp.json
Execute benchmark 5_dynamic-html, Python, Burst
[23:53:24.066082] SeBS-f7c6 Created experiment output at /home/zia/serverless-benchmarks/experiments/perf_cost/gcp/5_dynamic-html
[23:53:24.271269] GCPResources-0259 Using cached resources for GCP
[23:53:24.271441] GCPConfig-ac00 Loading cached config for GCP
[23:53:24.714345] GCP-c715 Using existing resource name: d9b9fac8.
[23:53:24.716144] Benchmark-5569 Using cached benchmark 110.dynamic-html at /home/zia/serverless-benchmarks/experiments/perf_cost/gcp/cache/110.dynamic-html/gcp/python/3.11/x64/package/110.dynamic-html.zip
[23:53:24.716604] GCP-c715 Using cached function sebs_d9b9fac8_110_dynamic_html_python_3_11 in /home/zia/serverless-benchmarks/experiments/perf_cost/gcp/cache/110.dynamic-html/gcp/python/3.11/x64/package/110.dynamic-html.zip
[23:53:24.716862] GCP-c715 Cached function sebs_d9b9fac8_110_dynamic_html_python_3_11 is up to date.
[23:53:24.717091] Experiment.PerfCost-9ab1 Begin experiment on memory size 128
[23:53:25.812954] GCP-c715 Uploaded new code package to sebs-deployment-d9b9fac8/x64-110.dynamic-html.zip
[23:54:24.735519] GCP-c715 Waiting for function deployment, 10 retries.
[23:54:24.975781] GCP-c715 Published new function code and configuration.
[23:54:24.976289] Experiment.PerfCost-9ab1 Begin burst experiments
[23:55:09.685480] GCP-c715 Published new function configuration.
[23:55:09.774520] GCP-c715 Redeployed 1 out of 1
[23:55:14.778815] GCP.HTTPTrigger-e832 Invoke function https://europe-west1-grounded-braid-458419-c5.cloudfunctions.net/sebs_d9b9fac8_110_dynamic_html_python_3_11
[23:55:14.779000] GCP.HTTPTrigger-e832 Invoke function https://europe-west1-grounded-braid-458419-c5.cloudfunctions.net/sebs_d9b9fac8_110_dynamic_html_python_3_11
[23:55:14.779120] GCP.HTTPTrigger-e832 Invoke function https://europe-west1-grounded-braid-458419-c5.cloudfunctions.net/sebs_d9b9fac8_110_dynamic_html_python_3_11
[23:55:14.779198] GCP.HTTPTrigger-e832 Invoke function https://europe-west1-grounded-braid-458419-c5.cloudfunctions.net/sebs_d9b9fac8_110_dynamic_html_python_3_11
[23:55:14.779470] GCP.HTTPTrigger-e832 Invoke function https://europe-west1-grounded-braid-458419-c5.cloudfunctions.net/sebs_d9b9fac8_110_dynamic_html_python_3_11
[23:55:14.779544] GCP.HTTPTrigger-e832 Invoke function https://europe-west1-grounded-braid-458419-c5.cloudfunctions.net/sebs_d9b9fac8_110_dynamic_html_python_3_11
[23:55:14.781881] GCP.HTTPTrigger-e832 Invoke function https://europe-west1-grounded-braid-458419-c5.cloudfunctions.net/sebs_d9b9fac8_110_dynamic_html_python_3_11
[23:55:14.779729] GCP.HTTPTrigger-e832 Invoke function https://europe-west1-grounded-braid-458419-c5.cloudfunctions.net/sebs_d9b9fac8_110_dynamic_html_python_3_11
[23:55:14.782559] GCP.HTTPTrigger-e832 Invoke function https://europe-west1-grounded-braid-458419-c5.cloudfunctions.net/sebs_d9b9fac8_110_dynamic_html_python_3_11
[23:55:14.783058] GCP.HTTPTrigger-e832 Invoke function https://europe-west1-grounded-braid-458419-c5.cloudfunctions.net/sebs_d9b9fac8_110_dynamic_html_python_3_11
[23:55:14.783530] GCP.HTTPTrigger-e832 Invoke function https://europe-west1-grounded-braid-458419-c5.cloudfunctions.net/sebs_d9b9fac8_110_dynamic_html_python_3_11
[23:55:14.785604] GCP.HTTPTrigger-e832 Invoke function https://europe-west1-grounded-braid-458419-c5.cloudfunctions.net/sebs_d9b9fac8_110_dynamic_html_python_3_11
[23:55:14.783356] GCP.HTTPTrigger-e832 Invoke function https://europe-west1-grounded-braid-458419-c5.cloudfunctions.net/sebs_d9b9fac8_110_dynamic_html_python_3_11
[23:55:14.784880] GCP.HTTPTrigger-e832 Invoke function https://europe-west1-grounded-braid-458419-c5.cloudfunctions.net/sebs_d9b9fac8_110_dynamic_html_python_3_11
[23:55:14.785339] GCP.HTTPTrigger-e832 Invoke function https://europe-west1-grounded-braid-458419-c5.cloudfunctions.net/sebs_d9b9fac8_110_dynamic_html_python_3_11
[23:55:14.785657] GCP.HTTPTrigger-e832 Invoke function https://europe-west1-grounded-braid-458419-c5.cloudfunctions.net/sebs_d9b9fac8_110_dynamic_html_python_3_11
[23:55:14.785880] GCP.HTTPTrigger-e832 Invoke function https://europe-west1-grounded-braid-458419-c5.cloudfunctions.net/sebs_d9b9fac8_110_dynamic_html_python_3_11
[23:55:14.785982] GCP.HTTPTrigger-e832 Invoke function https://europe-west1-grounded-braid-458419-c5.cloudfunctions.net/sebs_d9b9fac8_110_dynamic_html_python_3_11
[23:55:14.784690] GCP.HTTPTrigger-e832 Invoke function https://europe-west1-grounded-braid-458419-c5.cloudfunctions.net/sebs_d9b9fac8_110_dynamic_html_python_3_11
[23:55:14.786428] GCP.HTTPTrigger-e832 Invoke function https://europe-west1-grounded-braid-458419-c5.cloudfunctions.net/sebs_d9b9fac8_110_dynamic_html_python_3_11
[23:55:14.785430] GCP.HTTPTrigger-e832 Invoke function https://europe-west1-grounded-braid-458419-c5.cloudfunctions.net/sebs_d9b9fac8_110_dynamic_html_python_3_11
[23:55:14.786943] GCP.HTTPTrigger-e832 Invoke function https://europe-west1-grounded-braid-458419-c5.cloudfunctions.net/sebs_d9b9fac8_110_dynamic_html_python_3_11
[23:55:14.787134] GCP.HTTPTrigger-e832 Invoke function https://europe-west1-grounded-braid-458419-c5.cloudfunctions.net/sebs_d9b9fac8_110_dynamic_html_python_3_11
[23:55:14.787437] GCP.HTTPTrigger-e832 Invoke function https://europe-west1-grounded-braid-458419-c5.cloudfunctions.net/sebs_d9b9fac8_110_dynamic_html_python_3_11
[23:55:14.786228] GCP.HTTPTrigger-e832 Invoke function https://europe-west1-grounded-braid-458419-c5.cloudfunctions.net/sebs_d9b9fac8_110_dynamic_html_python_3_11
[23:55:14.787808] GCP.HTTPTrigger-e832 Invoke function https://europe-west1-grounded-braid-458419-c5.cloudfunctions.net/sebs_d9b9fac8_110_dynamic_html_python_3_11
[23:55:14.788376] GCP.HTTPTrigger-e832 Invoke function https://europe-west1-grounded-braid-458419-c5.cloudfunctions.net/sebs_d9b9fac8_110_dynamic_html_python_3_11
[23:55:14.788599] GCP.HTTPTrigger-e832 Invoke function https://europe-west1-grounded-braid-458419-c5.cloudfunctions.net/sebs_d9b9fac8_110_dynamic_html_python_3_11
[23:55:14.788833] GCP.HTTPTrigger-e832 Invoke function https://europe-west1-grounded-braid-458419-c5.cloudfunctions.net/sebs_d9b9fac8_110_dynamic_html_python_3_11
[23:55:14.786533] GCP.HTTPTrigger-e832 Invoke function https://europe-west1-grounded-braid-458419-c5.cloudfunctions.net/sebs_d9b9fac8_110_dynamic_html_python_3_11
[23:55:14.789229] GCP.HTTPTrigger-e832 Invoke function https://europe-west1-grounded-braid-458419-c5.cloudfunctions.net/sebs_d9b9fac8_110_dynamic_html_python_3_11
[23:55:14.786844] GCP.HTTPTrigger-e832 Invoke function https://europe-west1-grounded-braid-458419-c5.cloudfunctions.net/sebs_d9b9fac8_110_dynamic_html_python_3_11
[23:55:14.784005] GCP.HTTPTrigger-e832 Invoke function https://europe-west1-grounded-braid-458419-c5.cloudfunctions.net/sebs_d9b9fac8_110_dynamic_html_python_3_11
[23:55:14.785176] GCP.HTTPTrigger-e832 Invoke function https://europe-west1-grounded-braid-458419-c5.cloudfunctions.net/sebs_d9b9fac8_110_dynamic_html_python_3_11
[23:55:14.788295] GCP.HTTPTrigger-e832 Invoke function https://europe-west1-grounded-braid-458419-c5.cloudfunctions.net/sebs_d9b9fac8_110_dynamic_html_python_3_11
[23:55:14.788674] GCP.HTTPTrigger-e832 Invoke function https://europe-west1-grounded-braid-458419-c5.cloudfunctions.net/sebs_d9b9fac8_110_dynamic_html_python_3_11
[23:55:14.788972] GCP.HTTPTrigger-e832 Invoke function https://europe-west1-grounded-braid-458419-c5.cloudfunctions.net/sebs_d9b9fac8_110_dynamic_html_python_3_11
[23:55:14.789374] GCP.HTTPTrigger-e832 Invoke function https://europe-west1-grounded-braid-458419-c5.cloudfunctions.net/sebs_d9b9fac8_110_dynamic_html_python_3_11
[23:55:14.785515] GCP.HTTPTrigger-e832 Invoke function https://europe-west1-grounded-braid-458419-c5.cloudfunctions.net/sebs_d9b9fac8_110_dynamic_html_python_3_11
[23:55:14.786053] GCP.HTTPTrigger-e832 Invoke function https://europe-west1-grounded-braid-458419-c5.cloudfunctions.net/sebs_d9b9fac8_110_dynamic_html_python_3_11
[23:55:14.788122] GCP.HTTPTrigger-e832 Invoke function https://europe-west1-grounded-braid-458419-c5.cloudfunctions.net/sebs_d9b9fac8_110_dynamic_html_python_3_11
[23:55:14.788905] GCP.HTTPTrigger-e832 Invoke function https://europe-west1-grounded-braid-458419-c5.cloudfunctions.net/sebs_d9b9fac8_110_dynamic_html_python_3_11
[23:55:14.783138] GCP.HTTPTrigger-e832 Invoke function https://europe-west1-grounded-braid-458419-c5.cloudfunctions.net/sebs_d9b9fac8_110_dynamic_html_python_3_11
[23:55:14.784457] GCP.HTTPTrigger-e832 Invoke function https://europe-west1-grounded-braid-458419-c5.cloudfunctions.net/sebs_d9b9fac8_110_dynamic_html_python_3_11
[23:55:14.788502] GCP.HTTPTrigger-e832 Invoke function https://europe-west1-grounded-braid-458419-c5.cloudfunctions.net/sebs_d9b9fac8_110_dynamic_html_python_3_11
[23:55:14.787032] GCP.HTTPTrigger-e832 Invoke function https://europe-west1-grounded-braid-458419-c5.cloudfunctions.net/sebs_d9b9fac8_110_dynamic_html_python_3_11
[23:55:14.788754] GCP.HTTPTrigger-e832 Invoke function https://europe-west1-grounded-braid-458419-c5.cloudfunctions.net/sebs_d9b9fac8_110_dynamic_html_python_3_11
[23:55:14.786663] GCP.HTTPTrigger-e832 Invoke function https://europe-west1-grounded-braid-458419-c5.cloudfunctions.net/sebs_d9b9fac8_110_dynamic_html_python_3_11
[23:55:14.789141] GCP.HTTPTrigger-e832 Invoke function https://europe-west1-grounded-braid-458419-c5.cloudfunctions.net/sebs_d9b9fac8_110_dynamic_html_python_3_11
[23:55:14.788042] GCP.HTTPTrigger-e832 Invoke function https://europe-west1-grounded-braid-458419-c5.cloudfunctions.net/sebs_d9b9fac8_110_dynamic_html_python_3_11
[23:55:21.890871] GCP.HTTPTrigger-e832 Invoke of function was successful
[23:55:21.897920] GCP.HTTPTrigger-e832 Invoke of function was successful
[23:55:22.146640] GCP.HTTPTrigger-e832 Invoke of function was successful
[23:55:22.252940] GCP.HTTPTrigger-e832 Invoke of function was successful
[23:55:22.809380] GCP.HTTPTrigger-e832 Invoke of function was successful
[23:55:24.768687] GCP.HTTPTrigger-e832 Invoke of function was successful
[23:55:25.773150] GCP.HTTPTrigger-e832 Invoke of function was successful
[23:55:25.829949] GCP.HTTPTrigger-e832 Invoke of function was successful
[23:55:25.860351] GCP.HTTPTrigger-e832 Invoke of function was successful
[23:55:27.311945] GCP.HTTPTrigger-e832 Invoke of function was successful
[23:55:27.452127] GCP.HTTPTrigger-e832 Invoke of function was successful
[23:55:28.769367] GCP.HTTPTrigger-e832 Invoke of function was successful
[23:55:29.012788] GCP.HTTPTrigger-e832 Invoke of function was successful
[23:55:29.124249] GCP.HTTPTrigger-e832 Invoke of function was successful
[23:55:29.191689] GCP.HTTPTrigger-e832 Invoke of function was successful
[23:55:29.455890] GCP.HTTPTrigger-e832 Invoke of function was successful
[23:55:29.700248] GCP.HTTPTrigger-e832 Invoke of function was successful
[23:55:29.709977] GCP.HTTPTrigger-e832 Invoke of function was successful
[23:55:29.775684] GCP.HTTPTrigger-e832 Invoke of function was successful
[23:55:29.824657] GCP.HTTPTrigger-e832 Invoke of function was successful
[23:55:29.984354] GCP.HTTPTrigger-e832 Invoke of function was successful
[23:55:30.012943] GCP.HTTPTrigger-e832 Invoke of function was successful
[23:55:30.166249] GCP.HTTPTrigger-e832 Invoke of function was successful
[23:55:30.192197] GCP.HTTPTrigger-e832 Invoke of function was successful
[23:55:30.207534] GCP.HTTPTrigger-e832 Invoke of function was successful
[23:55:30.333109] GCP.HTTPTrigger-e832 Invoke of function was successful
[23:55:30.354937] GCP.HTTPTrigger-e832 Invoke of function was successful
[23:55:30.428628] GCP.HTTPTrigger-e832 Invocation on URL https://europe-west1-grounded-braid-458419-c5.cloudfunctions.net/sebs_d9b9fac8_110_dynamic_html_python_3_11 failed!
[23:55:30.428694] GCP.HTTPTrigger-e832 No output provided!
[23:55:30.454058] GCP.HTTPTrigger-e832 Invoke of function was successful
[23:55:30.504417] GCP.HTTPTrigger-e832 Invoke of function was successful
[23:55:30.511123] GCP.HTTPTrigger-e832 Invoke of function was successful
[23:55:30.637310] GCP.HTTPTrigger-e832 Invoke of function was successful
[23:55:30.646792] GCP.HTTPTrigger-e832 Invoke of function was successful
[23:55:30.688229] GCP.HTTPTrigger-e832 Invoke of function was successful
[23:55:30.797475] GCP.HTTPTrigger-e832 Invoke of function was successful
[23:55:30.818828] GCP.HTTPTrigger-e832 Invoke of function was successful
[23:55:30.872828] GCP.HTTPTrigger-e832 Invoke of function was successful
[23:55:30.986111] GCP.HTTPTrigger-e832 Invoke of function was successful
[23:55:31.011647] GCP.HTTPTrigger-e832 Invoke of function was successful
[23:55:31.087558] GCP.HTTPTrigger-e832 Invoke of function was successful
[23:55:31.099468] GCP.HTTPTrigger-e832 Invoke of function was successful
[23:55:31.162227] GCP.HTTPTrigger-e832 Invoke of function was successful
[23:55:31.162524] GCP.HTTPTrigger-e832 Invoke of function was successful
[23:55:31.179848] GCP.HTTPTrigger-e832 Invoke of function was successful
[23:55:31.187107] GCP.HTTPTrigger-e832 Invoke of function was successful
[23:55:31.195464] GCP.HTTPTrigger-e832 Invoke of function was successful
[23:55:31.215324] GCP.HTTPTrigger-e832 Invoke of function was successful
[23:55:31.304041] GCP.HTTPTrigger-e832 Invoke of function was successful
[23:55:31.321791] GCP.HTTPTrigger-e832 Invoke of function was successful
[23:55:31.343961] GCP.HTTPTrigger-e832 Invoke of function was successful
[23:55:31.345215] Experiment.PerfCost-9ab1 Processed 0 warm-up samples, ignoring these results.
[23:56:34.271452] GCP-c715 Waiting for function deployment, 10 retries.
[23:56:34.365571] GCP-c715 Published new function configuration.
[23:56:34.449622] GCP-c715 Redeployed 1 out of 1
[23:56:39.455154] GCP.HTTPTrigger-e832 Invoke function https://europe-west1-grounded-braid-458419-c5.cloudfunctions.net/sebs_d9b9fac8_110_dynamic_html_python_3_11
[23:56:39.455384] GCP.HTTPTrigger-e832 Invoke function https://europe-west1-grounded-braid-458419-c5.cloudfunctions.net/sebs_d9b9fac8_110_dynamic_html_python_3_11
[23:56:39.455548] GCP.HTTPTrigger-e832 Invoke function https://europe-west1-grounded-braid-458419-c5.cloudfunctions.net/sebs_d9b9fac8_110_dynamic_html_python_3_11
[23:56:39.455842] GCP.HTTPTrigger-e832 Invoke function https://europe-west1-grounded-braid-458419-c5.cloudfunctions.net/sebs_d9b9fac8_110_dynamic_html_python_3_11
[23:56:39.456282] GCP.HTTPTrigger-e832 Invoke function https://europe-west1-grounded-braid-458419-c5.cloudfunctions.net/sebs_d9b9fac8_110_dynamic_html_python_3_11
[23:56:39.456877] GCP.HTTPTrigger-e832 Invoke function https://europe-west1-grounded-braid-458419-c5.cloudfunctions.net/sebs_d9b9fac8_110_dynamic_html_python_3_11
[23:56:39.457167] GCP.HTTPTrigger-e832 Invoke function https://europe-west1-grounded-braid-458419-c5.cloudfunctions.net/sebs_d9b9fac8_110_dynamic_html_python_3_11
[23:56:39.457496] GCP.HTTPTrigger-e832 Invoke function https://europe-west1-grounded-braid-458419-c5.cloudfunctions.net/sebs_d9b9fac8_110_dynamic_html_python_3_11
[23:56:39.457758] GCP.HTTPTrigger-e832 Invoke function https://europe-west1-grounded-braid-458419-c5.cloudfunctions.net/sebs_d9b9fac8_110_dynamic_html_python_3_11
[23:56:39.459615] GCP.HTTPTrigger-e832 Invoke function https://europe-west1-grounded-braid-458419-c5.cloudfunctions.net/sebs_d9b9fac8_110_dynamic_html_python_3_11
[23:56:39.456644] GCP.HTTPTrigger-e832 Invoke function https://europe-west1-grounded-braid-458419-c5.cloudfunctions.net/sebs_d9b9fac8_110_dynamic_html_python_3_11
[23:56:39.457274] GCP.HTTPTrigger-e832 Invoke function https://europe-west1-grounded-braid-458419-c5.cloudfunctions.net/sebs_d9b9fac8_110_dynamic_html_python_3_11
[23:56:39.457656] GCP.HTTPTrigger-e832 Invoke function https://europe-west1-grounded-braid-458419-c5.cloudfunctions.net/sebs_d9b9fac8_110_dynamic_html_python_3_11
[23:56:39.459032] GCP.HTTPTrigger-e832 Invoke function https://europe-west1-grounded-braid-458419-c5.cloudfunctions.net/sebs_d9b9fac8_110_dynamic_html_python_3_11
[23:56:39.462488] GCP.HTTPTrigger-e832 Invoke function https://europe-west1-grounded-braid-458419-c5.cloudfunctions.net/sebs_d9b9fac8_110_dynamic_html_python_3_11
[23:56:39.459425] GCP.HTTPTrigger-e832 Invoke function https://europe-west1-grounded-braid-458419-c5.cloudfunctions.net/sebs_d9b9fac8_110_dynamic_html_python_3_11
[23:56:39.458094] GCP.HTTPTrigger-e832 Invoke function https://europe-west1-grounded-braid-458419-c5.cloudfunctions.net/sebs_d9b9fac8_110_dynamic_html_python_3_11
[23:56:39.460050] GCP.HTTPTrigger-e832 Invoke function https://europe-west1-grounded-braid-458419-c5.cloudfunctions.net/sebs_d9b9fac8_110_dynamic_html_python_3_11
[23:56:39.460297] GCP.HTTPTrigger-e832 Invoke function https://europe-west1-grounded-braid-458419-c5.cloudfunctions.net/sebs_d9b9fac8_110_dynamic_html_python_3_11
[23:56:39.460572] GCP.HTTPTrigger-e832 Invoke function https://europe-west1-grounded-braid-458419-c5.cloudfunctions.net/sebs_d9b9fac8_110_dynamic_html_python_3_11
[23:56:39.461033] GCP.HTTPTrigger-e832 Invoke function https://europe-west1-grounded-braid-458419-c5.cloudfunctions.net/sebs_d9b9fac8_110_dynamic_html_python_3_11
[23:56:39.461357] GCP.HTTPTrigger-e832 Invoke function https://europe-west1-grounded-braid-458419-c5.cloudfunctions.net/sebs_d9b9fac8_110_dynamic_html_python_3_11
[23:56:39.456379] GCP.HTTPTrigger-e832 Invoke function https://europe-west1-grounded-braid-458419-c5.cloudfunctions.net/sebs_d9b9fac8_110_dynamic_html_python_3_11
[23:56:39.458934] GCP.HTTPTrigger-e832 Invoke function https://europe-west1-grounded-braid-458419-c5.cloudfunctions.net/sebs_d9b9fac8_110_dynamic_html_python_3_11
[23:56:39.457866] GCP.HTTPTrigger-e832 Invoke function https://europe-west1-grounded-braid-458419-c5.cloudfunctions.net/sebs_d9b9fac8_110_dynamic_html_python_3_11
[23:56:39.462602] GCP.HTTPTrigger-e832 Invoke function https://europe-west1-grounded-braid-458419-c5.cloudfunctions.net/sebs_d9b9fac8_110_dynamic_html_python_3_11
[23:56:39.462888] GCP.HTTPTrigger-e832 Invoke function https://europe-west1-grounded-braid-458419-c5.cloudfunctions.net/sebs_d9b9fac8_110_dynamic_html_python_3_11
[23:56:39.459519] GCP.HTTPTrigger-e832 Invoke function https://europe-west1-grounded-braid-458419-c5.cloudfunctions.net/sebs_d9b9fac8_110_dynamic_html_python_3_11
[23:56:39.456981] GCP.HTTPTrigger-e832 Invoke function https://europe-west1-grounded-braid-458419-c5.cloudfunctions.net/sebs_d9b9fac8_110_dynamic_html_python_3_11
[23:56:39.460408] GCP.HTTPTrigger-e832 Invoke function https://europe-west1-grounded-braid-458419-c5.cloudfunctions.net/sebs_d9b9fac8_110_dynamic_html_python_3_11
[23:56:39.460187] GCP.HTTPTrigger-e832 Invoke function https://europe-west1-grounded-braid-458419-c5.cloudfunctions.net/sebs_d9b9fac8_110_dynamic_html_python_3_11
[23:56:39.461146] GCP.HTTPTrigger-e832 Invoke function https://europe-west1-grounded-braid-458419-c5.cloudfunctions.net/sebs_d9b9fac8_110_dynamic_html_python_3_11
[23:56:39.458763] GCP.HTTPTrigger-e832 Invoke function https://europe-west1-grounded-braid-458419-c5.cloudfunctions.net/sebs_d9b9fac8_110_dynamic_html_python_3_11
[23:56:39.461719] GCP.HTTPTrigger-e832 Invoke function https://europe-west1-grounded-braid-458419-c5.cloudfunctions.net/sebs_d9b9fac8_110_dynamic_html_python_3_11
[23:56:39.461866] GCP.HTTPTrigger-e832 Invoke function https://europe-west1-grounded-braid-458419-c5.cloudfunctions.net/sebs_d9b9fac8_110_dynamic_html_python_3_11
[23:56:39.462273] GCP.HTTPTrigger-e832 Invoke function https://europe-west1-grounded-braid-458419-c5.cloudfunctions.net/sebs_d9b9fac8_110_dynamic_html_python_3_11
[23:56:39.462698] GCP.HTTPTrigger-e832 Invoke function https://europe-west1-grounded-braid-458419-c5.cloudfunctions.net/sebs_d9b9fac8_110_dynamic_html_python_3_11
[23:56:39.458436] GCP.HTTPTrigger-e832 Invoke function https://europe-west1-grounded-braid-458419-c5.cloudfunctions.net/sebs_d9b9fac8_110_dynamic_html_python_3_11
[23:56:39.460723] GCP.HTTPTrigger-e832 Invoke function https://europe-west1-grounded-braid-458419-c5.cloudfunctions.net/sebs_d9b9fac8_110_dynamic_html_python_3_11
[23:56:39.461537] GCP.HTTPTrigger-e832 Invoke function https://europe-west1-grounded-braid-458419-c5.cloudfunctions.net/sebs_d9b9fac8_110_dynamic_html_python_3_11
[23:56:39.461931] GCP.HTTPTrigger-e832 Invoke function https://europe-west1-grounded-braid-458419-c5.cloudfunctions.net/sebs_d9b9fac8_110_dynamic_html_python_3_11
[23:56:39.462373] GCP.HTTPTrigger-e832 Invoke function https://europe-west1-grounded-braid-458419-c5.cloudfunctions.net/sebs_d9b9fac8_110_dynamic_html_python_3_11
[23:56:39.462789] GCP.HTTPTrigger-e832 Invoke function https://europe-west1-grounded-braid-458419-c5.cloudfunctions.net/sebs_d9b9fac8_110_dynamic_html_python_3_11
[23:56:39.457384] GCP.HTTPTrigger-e832 Invoke function https://europe-west1-grounded-braid-458419-c5.cloudfunctions.net/sebs_d9b9fac8_110_dynamic_html_python_3_11
[23:56:39.460928] GCP.HTTPTrigger-e832 Invoke function https://europe-west1-grounded-braid-458419-c5.cloudfunctions.net/sebs_d9b9fac8_110_dynamic_html_python_3_11
[23:56:39.462059] GCP.HTTPTrigger-e832 Invoke function https://europe-west1-grounded-braid-458419-c5.cloudfunctions.net/sebs_d9b9fac8_110_dynamic_html_python_3_11
[23:56:39.457972] GCP.HTTPTrigger-e832 Invoke function https://europe-west1-grounded-braid-458419-c5.cloudfunctions.net/sebs_d9b9fac8_110_dynamic_html_python_3_11
[23:56:39.459803] GCP.HTTPTrigger-e832 Invoke function https://europe-west1-grounded-braid-458419-c5.cloudfunctions.net/sebs_d9b9fac8_110_dynamic_html_python_3_11
[23:56:39.459280] GCP.HTTPTrigger-e832 Invoke function https://europe-west1-grounded-braid-458419-c5.cloudfunctions.net/sebs_d9b9fac8_110_dynamic_html_python_3_11
[23:56:39.461255] GCP.HTTPTrigger-e832 Invoke function https://europe-west1-grounded-braid-458419-c5.cloudfunctions.net/sebs_d9b9fac8_110_dynamic_html_python_3_11
[23:56:42.537131] GCP.HTTPTrigger-e832 Invoke of function was successful
[23:56:42.642729] GCP.HTTPTrigger-e832 Invoke of function was successful
[23:56:42.781909] GCP.HTTPTrigger-e832 Invoke of function was successful
[23:56:43.075889] GCP.HTTPTrigger-e832 Invoke of function was successful
[23:56:43.231641] GCP.HTTPTrigger-e832 Invoke of function was successful
[23:56:44.125523] GCP.HTTPTrigger-e832 Invoke of function was successful
[23:56:44.315693] GCP.HTTPTrigger-e832 Invoke of function was successful
[23:56:46.068557] GCP.HTTPTrigger-e832 Invoke of function was successful
[23:56:47.751346] GCP.HTTPTrigger-e832 Invoke of function was successful
[23:56:47.909136] GCP.HTTPTrigger-e832 Invoke of function was successful
[23:56:48.452936] GCP.HTTPTrigger-e832 Invoke of function was successful
[23:56:48.769036] GCP.HTTPTrigger-e832 Invoke of function was successful
[23:56:49.282024] GCP.HTTPTrigger-e832 Invoke of function was successful
[23:56:50.392522] GCP.HTTPTrigger-e832 Invoke of function was successful
[23:56:50.629891] GCP.HTTPTrigger-e832 Invoke of function was successful
[23:56:50.663192] GCP.HTTPTrigger-e832 Invoke of function was successful
[23:56:50.806003] GCP.HTTPTrigger-e832 Invoke of function was successful
[23:56:51.113731] GCP.HTTPTrigger-e832 Invoke of function was successful
[23:56:51.511281] GCP.HTTPTrigger-e832 Invoke of function was successful
[23:56:51.667943] GCP.HTTPTrigger-e832 Invoke of function was successful
[23:56:51.675813] GCP.HTTPTrigger-e832 Invoke of function was successful
[23:56:51.699042] GCP.HTTPTrigger-e832 Invoke of function was successful
[23:56:51.782586] GCP.HTTPTrigger-e832 Invoke of function was successful
[23:56:51.925945] GCP.HTTPTrigger-e832 Invoke of function was successful
[23:56:52.109376] GCP.HTTPTrigger-e832 Invoke of function was successful
[23:56:52.134102] GCP.HTTPTrigger-e832 Invoke of function was successful
[23:56:52.144895] GCP.HTTPTrigger-e832 Invoke of function was successful
[23:56:52.152026] GCP.HTTPTrigger-e832 Invoke of function was successful
[23:56:52.275067] GCP.HTTPTrigger-e832 Invoke of function was successful
[23:56:52.285182] GCP.HTTPTrigger-e832 Invoke of function was successful
[23:56:52.531920] GCP.HTTPTrigger-e832 Invoke of function was successful
[23:56:52.582540] GCP.HTTPTrigger-e832 Invoke of function was successful
[23:56:52.658779] GCP.HTTPTrigger-e832 Invoke of function was successful
[23:56:52.684123] GCP.HTTPTrigger-e832 Invoke of function was successful
[23:56:52.691814] GCP.HTTPTrigger-e832 Invoke of function was successful
[23:56:52.784939] GCP.HTTPTrigger-e832 Invoke of function was successful
[23:56:52.851674] GCP.HTTPTrigger-e832 Invoke of function was successful
[23:56:52.866967] GCP.HTTPTrigger-e832 Invoke of function was successful
[23:56:52.888636] GCP.HTTPTrigger-e832 Invoke of function was successful
[23:56:52.902660] GCP.HTTPTrigger-e832 Invoke of function was successful
[23:56:52.945972] GCP.HTTPTrigger-e832 Invoke of function was successful
[23:56:52.953862] GCP.HTTPTrigger-e832 Invoke of function was successful
[23:56:52.960902] GCP.HTTPTrigger-e832 Invoke of function was successful
[23:56:52.967344] GCP.HTTPTrigger-e832 Invoke of function was successful
[23:56:52.975908] GCP.HTTPTrigger-e832 Invoke of function was successful
[23:56:52.982072] GCP.HTTPTrigger-e832 Invoke of function was successful
[23:56:53.046725] GCP.HTTPTrigger-e832 Invoke of function was successful
[23:56:53.052955] GCP.HTTPTrigger-e832 Invoke of function was successful
[23:56:53.090156] GCP.HTTPTrigger-e832 Invoke of function was successful
[23:56:53.172449] GCP.HTTPTrigger-e832 Invoke of function was successful
[23:56:53.173560] Experiment.PerfCost-9ab1 Processed 50 samples out of 250, 1 errors
[23:57:55.639469] GCP-c715 Waiting for function deployment, 10 retries.
[23:58:00.812408] GCP-c715 Published new function configuration.
[23:58:00.900204] GCP-c715 Redeployed 1 out of 1
[23:58:05.904276] GCP.HTTPTrigger-e832 Invoke function https://europe-west1-grounded-braid-458419-c5.cloudfunctions.net/sebs_d9b9fac8_110_dynamic_html_python_3_11
[23:58:05.904500] GCP.HTTPTrigger-e832 Invoke function https://europe-west1-grounded-braid-458419-c5.cloudfunctions.net/sebs_d9b9fac8_110_dynamic_html_python_3_11
[23:58:05.904750] GCP.HTTPTrigger-e832 Invoke function https://europe-west1-grounded-braid-458419-c5.cloudfunctions.net/sebs_d9b9fac8_110_dynamic_html_python_3_11
[23:58:05.904919] GCP.HTTPTrigger-e832 Invoke function https://europe-west1-grounded-braid-458419-c5.cloudfunctions.net/sebs_d9b9fac8_110_dynamic_html_python_3_11
[23:58:05.905032] GCP.HTTPTrigger-e832 Invoke function https://europe-west1-grounded-braid-458419-c5.cloudfunctions.net/sebs_d9b9fac8_110_dynamic_html_python_3_11
[23:58:05.905299] GCP.HTTPTrigger-e832 Invoke function https://europe-west1-grounded-braid-458419-c5.cloudfunctions.net/sebs_d9b9fac8_110_dynamic_html_python_3_11
[23:58:05.905416] GCP.HTTPTrigger-e832 Invoke function https://europe-west1-grounded-braid-458419-c5.cloudfunctions.net/sebs_d9b9fac8_110_dynamic_html_python_3_11
[23:58:05.905507] GCP.HTTPTrigger-e832 Invoke function https://europe-west1-grounded-braid-458419-c5.cloudfunctions.net/sebs_d9b9fac8_110_dynamic_html_python_3_11
[23:58:05.905816] GCP.HTTPTrigger-e832 Invoke function https://europe-west1-grounded-braid-458419-c5.cloudfunctions.net/sebs_d9b9fac8_110_dynamic_html_python_3_11
[23:58:05.906291] GCP.HTTPTrigger-e832 Invoke function https://europe-west1-grounded-braid-458419-c5.cloudfunctions.net/sebs_d9b9fac8_110_dynamic_html_python_3_11
[23:58:05.906405] GCP.HTTPTrigger-e832 Invoke function https://europe-west1-grounded-braid-458419-c5.cloudfunctions.net/sebs_d9b9fac8_110_dynamic_html_python_3_11
[23:58:05.906675] GCP.HTTPTrigger-e832 Invoke function https://europe-west1-grounded-braid-458419-c5.cloudfunctions.net/sebs_d9b9fac8_110_dynamic_html_python_3_11
[23:58:05.907035] GCP.HTTPTrigger-e832 Invoke function https://europe-west1-grounded-braid-458419-c5.cloudfunctions.net/sebs_d9b9fac8_110_dynamic_html_python_3_11
[23:58:05.906067] GCP.HTTPTrigger-e832 Invoke function https://europe-west1-grounded-braid-458419-c5.cloudfunctions.net/sebs_d9b9fac8_110_dynamic_html_python_3_11
[23:58:05.906180] GCP.HTTPTrigger-e832 Invoke function https://europe-west1-grounded-braid-458419-c5.cloudfunctions.net/sebs_d9b9fac8_110_dynamic_html_python_3_11
[23:58:05.907890] GCP.HTTPTrigger-e832 Invoke function https://europe-west1-grounded-braid-458419-c5.cloudfunctions.net/sebs_d9b9fac8_110_dynamic_html_python_3_11
[23:58:05.905618] GCP.HTTPTrigger-e832 Invoke function https://europe-west1-grounded-braid-458419-c5.cloudfunctions.net/sebs_d9b9fac8_110_dynamic_html_python_3_11
[23:58:05.908430] GCP.HTTPTrigger-e832 Invoke function https://europe-west1-grounded-braid-458419-c5.cloudfunctions.net/sebs_d9b9fac8_110_dynamic_html_python_3_11
[23:58:05.908793] GCP.HTTPTrigger-e832 Invoke function https://europe-west1-grounded-braid-458419-c5.cloudfunctions.net/sebs_d9b9fac8_110_dynamic_html_python_3_11
[23:58:05.909070] GCP.HTTPTrigger-e832 Invoke function https://europe-west1-grounded-braid-458419-c5.cloudfunctions.net/sebs_d9b9fac8_110_dynamic_html_python_3_11
[23:58:05.909349] GCP.HTTPTrigger-e832 Invoke function https://europe-west1-grounded-braid-458419-c5.cloudfunctions.net/sebs_d9b9fac8_110_dynamic_html_python_3_11
[23:58:05.909549] GCP.HTTPTrigger-e832 Invoke function https://europe-west1-grounded-braid-458419-c5.cloudfunctions.net/sebs_d9b9fac8_110_dynamic_html_python_3_11
[23:58:05.909741] GCP.HTTPTrigger-e832 Invoke function https://europe-west1-grounded-braid-458419-c5.cloudfunctions.net/sebs_d9b9fac8_110_dynamic_html_python_3_11
[23:58:05.910144] GCP.HTTPTrigger-e832 Invoke function https://europe-west1-grounded-braid-458419-c5.cloudfunctions.net/sebs_d9b9fac8_110_dynamic_html_python_3_11
[23:58:05.910445] GCP.HTTPTrigger-e832 Invoke function https://europe-west1-grounded-braid-458419-c5.cloudfunctions.net/sebs_d9b9fac8_110_dynamic_html_python_3_11
[23:58:05.905932] GCP.HTTPTrigger-e832 Invoke function https://europe-west1-grounded-braid-458419-c5.cloudfunctions.net/sebs_d9b9fac8_110_dynamic_html_python_3_11
[23:58:05.911072] GCP.HTTPTrigger-e832 Invoke function https://europe-west1-grounded-braid-458419-c5.cloudfunctions.net/sebs_d9b9fac8_110_dynamic_html_python_3_11
[23:58:05.907573] GCP.HTTPTrigger-e832 Invoke function https://europe-west1-grounded-braid-458419-c5.cloudfunctions.net/sebs_d9b9fac8_110_dynamic_html_python_3_11
[23:58:05.907804] GCP.HTTPTrigger-e832 Invoke function https://europe-west1-grounded-braid-458419-c5.cloudfunctions.net/sebs_d9b9fac8_110_dynamic_html_python_3_11
[23:58:05.906790] GCP.HTTPTrigger-e832 Invoke function https://europe-west1-grounded-braid-458419-c5.cloudfunctions.net/sebs_d9b9fac8_110_dynamic_html_python_3_11
[23:58:05.908651] GCP.HTTPTrigger-e832 Invoke function https://europe-west1-grounded-braid-458419-c5.cloudfunctions.net/sebs_d9b9fac8_110_dynamic_html_python_3_11
[23:58:05.908975] GCP.HTTPTrigger-e832 Invoke function https://europe-west1-grounded-braid-458419-c5.cloudfunctions.net/sebs_d9b9fac8_110_dynamic_html_python_3_11
[23:58:05.909936] GCP.HTTPTrigger-e832 Invoke function https://europe-west1-grounded-braid-458419-c5.cloudfunctions.net/sebs_d9b9fac8_110_dynamic_html_python_3_11
[23:58:05.909831] GCP.HTTPTrigger-e832 Invoke function https://europe-west1-grounded-braid-458419-c5.cloudfunctions.net/sebs_d9b9fac8_110_dynamic_html_python_3_11
[23:58:05.910683] GCP.HTTPTrigger-e832 Invoke function https://europe-west1-grounded-braid-458419-c5.cloudfunctions.net/sebs_d9b9fac8_110_dynamic_html_python_3_11
[23:58:05.910947] GCP.HTTPTrigger-e832 Invoke function https://europe-west1-grounded-braid-458419-c5.cloudfunctions.net/sebs_d9b9fac8_110_dynamic_html_python_3_11
[23:58:05.907991] GCP.HTTPTrigger-e832 Invoke function https://europe-west1-grounded-braid-458419-c5.cloudfunctions.net/sebs_d9b9fac8_110_dynamic_html_python_3_11
[23:58:05.908346] GCP.HTTPTrigger-e832 Invoke function https://europe-west1-grounded-braid-458419-c5.cloudfunctions.net/sebs_d9b9fac8_110_dynamic_html_python_3_11
[23:58:05.907148] GCP.HTTPTrigger-e832 Invoke function https://europe-west1-grounded-braid-458419-c5.cloudfunctions.net/sebs_d9b9fac8_110_dynamic_html_python_3_11
[23:58:05.909633] GCP.HTTPTrigger-e832 Invoke function https://europe-west1-grounded-braid-458419-c5.cloudfunctions.net/sebs_d9b9fac8_110_dynamic_html_python_3_11
[23:58:05.910343] GCP.HTTPTrigger-e832 Invoke function https://europe-west1-grounded-braid-458419-c5.cloudfunctions.net/sebs_d9b9fac8_110_dynamic_html_python_3_11
[23:58:05.911297] GCP.HTTPTrigger-e832 Invoke function https://europe-west1-grounded-braid-458419-c5.cloudfunctions.net/sebs_d9b9fac8_110_dynamic_html_python_3_11
[23:58:05.906908] GCP.HTTPTrigger-e832 Invoke function https://europe-west1-grounded-braid-458419-c5.cloudfunctions.net/sebs_d9b9fac8_110_dynamic_html_python_3_11
[23:58:05.910048] GCP.HTTPTrigger-e832 Invoke function https://europe-west1-grounded-braid-458419-c5.cloudfunctions.net/sebs_d9b9fac8_110_dynamic_html_python_3_11
[23:58:05.910851] GCP.HTTPTrigger-e832 Invoke function https://europe-west1-grounded-braid-458419-c5.cloudfunctions.net/sebs_d9b9fac8_110_dynamic_html_python_3_11
[23:58:05.907698] GCP.HTTPTrigger-e832 Invoke function https://europe-west1-grounded-braid-458419-c5.cloudfunctions.net/sebs_d9b9fac8_110_dynamic_html_python_3_11
[23:58:05.910239] GCP.HTTPTrigger-e832 Invoke function https://europe-west1-grounded-braid-458419-c5.cloudfunctions.net/sebs_d9b9fac8_110_dynamic_html_python_3_11
[23:58:05.910545] GCP.HTTPTrigger-e832 Invoke function https://europe-west1-grounded-braid-458419-c5.cloudfunctions.net/sebs_d9b9fac8_110_dynamic_html_python_3_11
[23:58:05.906521] GCP.HTTPTrigger-e832 Invoke function https://europe-west1-grounded-braid-458419-c5.cloudfunctions.net/sebs_d9b9fac8_110_dynamic_html_python_3_11
[23:58:05.907381] GCP.HTTPTrigger-e832 Invoke function https://europe-west1-grounded-braid-458419-c5.cloudfunctions.net/sebs_d9b9fac8_110_dynamic_html_python_3_11
[23:58:08.689574] GCP.HTTPTrigger-e832 Invoke of function was successful
[23:58:10.551817] GCP.HTTPTrigger-e832 Invoke of function was successful
[23:58:12.982064] GCP.HTTPTrigger-e832 Invoke of function was successful
[23:58:13.764977] GCP.HTTPTrigger-e832 Invoke of function was successful
[23:58:13.873924] GCP.HTTPTrigger-e832 Invoke of function was successful
[23:58:18.153179] GCP.HTTPTrigger-e832 Invoke of function was successful
[23:58:18.349484] GCP.HTTPTrigger-e832 Invoke of function was successful
[23:58:18.429562] GCP.HTTPTrigger-e832 Invoke of function was successful
[23:58:19.001582] GCP.HTTPTrigger-e832 Invoke of function was successful
[23:58:19.135413] GCP.HTTPTrigger-e832 Invoke of function was successful
[23:58:19.354440] GCP.HTTPTrigger-e832 Invoke of function was successful
[23:58:20.377529] GCP.HTTPTrigger-e832 Invoke of function was successful
[23:58:20.459806] GCP.HTTPTrigger-e832 Invoke of function was successful
[23:58:20.592237] GCP.HTTPTrigger-e832 Invoke of function was successful
[23:58:20.721536] GCP.HTTPTrigger-e832 Invoke of function was successful
[23:58:21.006572] GCP.HTTPTrigger-e832 Invoke of function was successful
[23:58:21.074931] GCP.HTTPTrigger-e832 Invoke of function was successful
[23:58:21.084751] GCP.HTTPTrigger-e832 Invoke of function was successful
[23:58:21.135409] GCP.HTTPTrigger-e832 Invoke of function was successful
[23:58:21.402430] GCP.HTTPTrigger-e832 Invoke of function was successful
[23:58:21.523132] GCP.HTTPTrigger-e832 Invoke of function was successful
[23:58:21.532535] GCP.HTTPTrigger-e832 Invoke of function was successful
[23:58:21.593518] GCP.HTTPTrigger-e832 Invoke of function was successful
[23:58:21.648077] GCP.HTTPTrigger-e832 Invoke of function was successful
[23:58:21.702729] GCP.HTTPTrigger-e832 Invoke of function was successful
[23:58:21.710444] GCP.HTTPTrigger-e832 Invoke of function was successful
[23:58:21.717706] GCP.HTTPTrigger-e832 Invoke of function was successful
[23:58:21.827597] GCP.HTTPTrigger-e832 Invoke of function was successful
[23:58:21.836751] GCP.HTTPTrigger-e832 Invoke of function was successful
[23:58:21.892451] GCP.HTTPTrigger-e832 Invoke of function was successful
[23:58:21.956543] GCP.HTTPTrigger-e832 Invoke of function was successful
[23:58:21.965474] GCP.HTTPTrigger-e832 Invoke of function was successful
[23:58:22.092175] GCP.HTTPTrigger-e832 Invoke of function was successful
[23:58:22.149239] GCP.HTTPTrigger-e832 Invoke of function was successful
[23:58:22.212510] GCP.HTTPTrigger-e832 Invoke of function was successful
[23:58:22.223755] GCP.HTTPTrigger-e832 Invoke of function was successful
[23:58:22.290273] GCP.HTTPTrigger-e832 Invoke of function was successful
[23:58:22.335249] GCP.HTTPTrigger-e832 Invoke of function was successful
[23:58:22.354021] GCP.HTTPTrigger-e832 Invoke of function was successful
[23:58:22.361115] GCP.HTTPTrigger-e832 Invoke of function was successful
[23:58:22.371673] GCP.HTTPTrigger-e832 Invoke of function was successful
[23:58:22.428574] GCP.HTTPTrigger-e832 Invoke of function was successful
[23:58:22.512145] GCP.HTTPTrigger-e832 Invoke of function was successful
[23:58:22.519956] GCP.HTTPTrigger-e832 Invoke of function was successful
[23:58:22.532551] GCP.HTTPTrigger-e832 Invoke of function was successful
[23:58:22.538786] GCP.HTTPTrigger-e832 Invoke of function was successful
[23:58:22.539027] GCP.HTTPTrigger-e832 Invoke of function was successful
[23:58:22.590333] GCP.HTTPTrigger-e832 Invoke of function was successful
[23:58:22.764581] GCP.HTTPTrigger-e832 Invoke of function was successful
[23:58:22.907969] GCP.HTTPTrigger-e832 Invoke of function was successful
[23:58:22.908989] Experiment.PerfCost-9ab1 Processed 100 samples out of 250, 1 errors
[23:59:22.729713] GCP-c715 Waiting for function deployment, 10 retries.
[23:59:36.070486] GCP-c715 Published new function configuration.
[23:59:36.152438] GCP-c715 Redeployed 1 out of 1
[23:59:41.157430] GCP.HTTPTrigger-e832 Invoke function https://europe-west1-grounded-braid-458419-c5.cloudfunctions.net/sebs_d9b9fac8_110_dynamic_html_python_3_11
[23:59:41.157654] GCP.HTTPTrigger-e832 Invoke function https://europe-west1-grounded-braid-458419-c5.cloudfunctions.net/sebs_d9b9fac8_110_dynamic_html_python_3_11
[23:59:41.157955] GCP.HTTPTrigger-e832 Invoke function https://europe-west1-grounded-braid-458419-c5.cloudfunctions.net/sebs_d9b9fac8_110_dynamic_html_python_3_11
[23:59:41.158197] GCP.HTTPTrigger-e832 Invoke function https://europe-west1-grounded-braid-458419-c5.cloudfunctions.net/sebs_d9b9fac8_110_dynamic_html_python_3_11
[23:59:41.158291] GCP.HTTPTrigger-e832 Invoke function https://europe-west1-grounded-braid-458419-c5.cloudfunctions.net/sebs_d9b9fac8_110_dynamic_html_python_3_11
[23:59:41.158734] GCP.HTTPTrigger-e832 Invoke function https://europe-west1-grounded-braid-458419-c5.cloudfunctions.net/sebs_d9b9fac8_110_dynamic_html_python_3_11
[23:59:41.159079] GCP.HTTPTrigger-e832 Invoke function https://europe-west1-grounded-braid-458419-c5.cloudfunctions.net/sebs_d9b9fac8_110_dynamic_html_python_3_11
[23:59:41.159390] GCP.HTTPTrigger-e832 Invoke function https://europe-west1-grounded-braid-458419-c5.cloudfunctions.net/sebs_d9b9fac8_110_dynamic_html_python_3_11
[23:59:41.159799] GCP.HTTPTrigger-e832 Invoke function https://europe-west1-grounded-braid-458419-c5.cloudfunctions.net/sebs_d9b9fac8_110_dynamic_html_python_3_11
[23:59:41.160476] GCP.HTTPTrigger-e832 Invoke function https://europe-west1-grounded-braid-458419-c5.cloudfunctions.net/sebs_d9b9fac8_110_dynamic_html_python_3_11
[23:59:41.162965] GCP.HTTPTrigger-e832 Invoke function https://europe-west1-grounded-braid-458419-c5.cloudfunctions.net/sebs_d9b9fac8_110_dynamic_html_python_3_11
[23:59:41.160058] GCP.HTTPTrigger-e832 Invoke function https://europe-west1-grounded-braid-458419-c5.cloudfunctions.net/sebs_d9b9fac8_110_dynamic_html_python_3_11
[23:59:41.159526] GCP.HTTPTrigger-e832 Invoke function https://europe-west1-grounded-braid-458419-c5.cloudfunctions.net/sebs_d9b9fac8_110_dynamic_html_python_3_11
[23:59:41.161739] GCP.HTTPTrigger-e832 Invoke function https://europe-west1-grounded-braid-458419-c5.cloudfunctions.net/sebs_d9b9fac8_110_dynamic_html_python_3_11
[23:59:41.159646] GCP.HTTPTrigger-e832 Invoke function https://europe-west1-grounded-braid-458419-c5.cloudfunctions.net/sebs_d9b9fac8_110_dynamic_html_python_3_11
[23:59:41.159923] GCP.HTTPTrigger-e832 Invoke function https://europe-west1-grounded-braid-458419-c5.cloudfunctions.net/sebs_d9b9fac8_110_dynamic_html_python_3_11
[23:59:41.159187] GCP.HTTPTrigger-e832 Invoke function https://europe-west1-grounded-braid-458419-c5.cloudfunctions.net/sebs_d9b9fac8_110_dynamic_html_python_3_11
[23:59:41.160633] GCP.HTTPTrigger-e832 Invoke function https://europe-west1-grounded-braid-458419-c5.cloudfunctions.net/sebs_d9b9fac8_110_dynamic_html_python_3_11
[23:59:41.163282] GCP.HTTPTrigger-e832 Invoke function https://europe-west1-grounded-braid-458419-c5.cloudfunctions.net/sebs_d9b9fac8_110_dynamic_html_python_3_11
[23:59:41.163657] GCP.HTTPTrigger-e832 Invoke function https://europe-west1-grounded-braid-458419-c5.cloudfunctions.net/sebs_d9b9fac8_110_dynamic_html_python_3_11
[23:59:41.161489] GCP.HTTPTrigger-e832 Invoke function https://europe-west1-grounded-braid-458419-c5.cloudfunctions.net/sebs_d9b9fac8_110_dynamic_html_python_3_11
[23:59:41.164402] GCP.HTTPTrigger-e832 Invoke function https://europe-west1-grounded-braid-458419-c5.cloudfunctions.net/sebs_d9b9fac8_110_dynamic_html_python_3_11
[23:59:41.164769] GCP.HTTPTrigger-e832 Invoke function https://europe-west1-grounded-braid-458419-c5.cloudfunctions.net/sebs_d9b9fac8_110_dynamic_html_python_3_11
[23:59:41.164987] GCP.HTTPTrigger-e832 Invoke function https://europe-west1-grounded-braid-458419-c5.cloudfunctions.net/sebs_d9b9fac8_110_dynamic_html_python_3_11
[23:59:41.162090] GCP.HTTPTrigger-e832 Invoke function https://europe-west1-grounded-braid-458419-c5.cloudfunctions.net/sebs_d9b9fac8_110_dynamic_html_python_3_11
[23:59:41.165602] GCP.HTTPTrigger-e832 Invoke function https://europe-west1-grounded-braid-458419-c5.cloudfunctions.net/sebs_d9b9fac8_110_dynamic_html_python_3_11
[23:59:41.165819] GCP.HTTPTrigger-e832 Invoke function https://europe-west1-grounded-braid-458419-c5.cloudfunctions.net/sebs_d9b9fac8_110_dynamic_html_python_3_11
[23:59:41.166128] GCP.HTTPTrigger-e832 Invoke function https://europe-west1-grounded-braid-458419-c5.cloudfunctions.net/sebs_d9b9fac8_110_dynamic_html_python_3_11
[23:59:41.162845] GCP.HTTPTrigger-e832 Invoke function https://europe-west1-grounded-braid-458419-c5.cloudfunctions.net/sebs_d9b9fac8_110_dynamic_html_python_3_11
[23:59:41.160874] GCP.HTTPTrigger-e832 Invoke function https://europe-west1-grounded-braid-458419-c5.cloudfunctions.net/sebs_d9b9fac8_110_dynamic_html_python_3_11
[23:59:41.163394] GCP.HTTPTrigger-e832 Invoke function https://europe-west1-grounded-braid-458419-c5.cloudfunctions.net/sebs_d9b9fac8_110_dynamic_html_python_3_11
[23:59:41.164040] GCP.HTTPTrigger-e832 Invoke function https://europe-west1-grounded-braid-458419-c5.cloudfunctions.net/sebs_d9b9fac8_110_dynamic_html_python_3_11
[23:59:41.164542] GCP.HTTPTrigger-e832 Invoke function https://europe-west1-grounded-braid-458419-c5.cloudfunctions.net/sebs_d9b9fac8_110_dynamic_html_python_3_11
[23:59:41.165080] GCP.HTTPTrigger-e832 Invoke function https://europe-west1-grounded-braid-458419-c5.cloudfunctions.net/sebs_d9b9fac8_110_dynamic_html_python_3_11
[23:59:41.165320] GCP.HTTPTrigger-e832 Invoke function https://europe-west1-grounded-braid-458419-c5.cloudfunctions.net/sebs_d9b9fac8_110_dynamic_html_python_3_11
[23:59:41.161828] GCP.HTTPTrigger-e832 Invoke function https://europe-west1-grounded-braid-458419-c5.cloudfunctions.net/sebs_d9b9fac8_110_dynamic_html_python_3_11
[23:59:41.158967] GCP.HTTPTrigger-e832 Invoke function https://europe-west1-grounded-braid-458419-c5.cloudfunctions.net/sebs_d9b9fac8_110_dynamic_html_python_3_11
[23:59:41.166392] GCP.HTTPTrigger-e832 Invoke function https://europe-west1-grounded-braid-458419-c5.cloudfunctions.net/sebs_d9b9fac8_110_dynamic_html_python_3_11
[23:59:41.161337] GCP.HTTPTrigger-e832 Invoke function https://europe-west1-grounded-braid-458419-c5.cloudfunctions.net/sebs_d9b9fac8_110_dynamic_html_python_3_11
[23:59:41.163933] GCP.HTTPTrigger-e832 Invoke function https://europe-west1-grounded-braid-458419-c5.cloudfunctions.net/sebs_d9b9fac8_110_dynamic_html_python_3_11
[23:59:41.164886] GCP.HTTPTrigger-e832 Invoke function https://europe-west1-grounded-braid-458419-c5.cloudfunctions.net/sebs_d9b9fac8_110_dynamic_html_python_3_11
[23:59:41.165718] GCP.HTTPTrigger-e832 Invoke function https://europe-west1-grounded-braid-458419-c5.cloudfunctions.net/sebs_d9b9fac8_110_dynamic_html_python_3_11
[23:59:41.165986] GCP.HTTPTrigger-e832 Invoke function https://europe-west1-grounded-braid-458419-c5.cloudfunctions.net/sebs_d9b9fac8_110_dynamic_html_python_3_11
[23:59:41.158418] GCP.HTTPTrigger-e832 Invoke function https://europe-west1-grounded-braid-458419-c5.cloudfunctions.net/sebs_d9b9fac8_110_dynamic_html_python_3_11
[23:59:41.161013] GCP.HTTPTrigger-e832 Invoke function https://europe-west1-grounded-braid-458419-c5.cloudfunctions.net/sebs_d9b9fac8_110_dynamic_html_python_3_11
[23:59:41.164630] GCP.HTTPTrigger-e832 Invoke function https://europe-west1-grounded-braid-458419-c5.cloudfunctions.net/sebs_d9b9fac8_110_dynamic_html_python_3_11
[23:59:41.164205] GCP.HTTPTrigger-e832 Invoke function https://europe-west1-grounded-braid-458419-c5.cloudfunctions.net/sebs_d9b9fac8_110_dynamic_html_python_3_11
[23:59:41.161640] GCP.HTTPTrigger-e832 Invoke function https://europe-west1-grounded-braid-458419-c5.cloudfunctions.net/sebs_d9b9fac8_110_dynamic_html_python_3_11
[23:59:41.165496] GCP.HTTPTrigger-e832 Invoke function https://europe-west1-grounded-braid-458419-c5.cloudfunctions.net/sebs_d9b9fac8_110_dynamic_html_python_3_11
[23:59:41.162362] GCP.HTTPTrigger-e832 Invoke function https://europe-west1-grounded-braid-458419-c5.cloudfunctions.net/sebs_d9b9fac8_110_dynamic_html_python_3_11
[23:59:43.262078] GCP.HTTPTrigger-e832 Invoke of function was successful
[23:59:44.806843] GCP.HTTPTrigger-e832 Invoke of function was successful
[23:59:44.968980] GCP.HTTPTrigger-e832 Invoke of function was successful
[23:59:45.320076] GCP.HTTPTrigger-e832 Invoke of function was successful
[23:59:45.430258] GCP.HTTPTrigger-e832 Invoke of function was successful
[23:59:46.827317] GCP.HTTPTrigger-e832 Invoke of function was successful
[23:59:49.973356] GCP.HTTPTrigger-e832 Invoke of function was successful
[23:59:50.222586] GCP.HTTPTrigger-e832 Invoke of function was successful
[23:59:50.331363] GCP.HTTPTrigger-e832 Invoke of function was successful
[23:59:51.261298] GCP.HTTPTrigger-e832 Invoke of function was successful
[23:59:51.511266] GCP.HTTPTrigger-e832 Invoke of function was successful
[23:59:51.547261] GCP.HTTPTrigger-e832 Invoke of function was successful
[23:59:51.557375] GCP.HTTPTrigger-e832 Invoke of function was successful
[23:59:51.750700] GCP.HTTPTrigger-e832 Invoke of function was successful
[23:59:52.197033] GCP.HTTPTrigger-e832 Invoke of function was successful
[23:59:53.019844] GCP.HTTPTrigger-e832 Invoke of function was successful
[23:59:53.066740] GCP.HTTPTrigger-e832 Invoke of function was successful
[23:59:53.310520] GCP.HTTPTrigger-e832 Invoke of function was successful
[23:59:53.319945] GCP.HTTPTrigger-e832 Invocation on URL https://europe-west1-grounded-braid-458419-c5.cloudfunctions.net/sebs_d9b9fac8_110_dynamic_html_python_3_11 failed!
[23:59:53.320045] GCP.HTTPTrigger-e832 No output provided!
[23:59:53.608177] GCP.HTTPTrigger-e832 Invoke of function was successful
[23:59:53.631872] GCP.HTTPTrigger-e832 Invoke of function was successful
[23:59:53.694832] GCP.HTTPTrigger-e832 Invoke of function was successful
[23:59:54.057971] GCP.HTTPTrigger-e832 Invoke of function was successful
[23:59:54.287628] GCP.HTTPTrigger-e832 Invoke of function was successful
[23:59:54.353856] GCP.HTTPTrigger-e832 Invoke of function was successful
[23:59:54.367355] GCP.HTTPTrigger-e832 Invoke of function was successful
[23:59:54.449392] GCP.HTTPTrigger-e832 Invoke of function was successful
[23:59:54.475731] GCP.HTTPTrigger-e832 Invoke of function was successful
[23:59:54.489916] GCP.HTTPTrigger-e832 Invoke of function was successful
[23:59:54.517367] GCP.HTTPTrigger-e832 Invoke of function was successful
[23:59:54.730017] GCP.HTTPTrigger-e832 Invoke of function was successful
[23:59:54.743563] GCP.HTTPTrigger-e832 Invoke of function was successful
[23:59:54.778270] GCP.HTTPTrigger-e832 Invoke of function was successful
[23:59:54.810267] GCP.HTTPTrigger-e832 Invoke of function was successful
[23:59:54.857557] GCP.HTTPTrigger-e832 Invoke of function was successful
[23:59:54.933680] GCP.HTTPTrigger-e832 Invoke of function was successful
[23:59:54.939877] GCP.HTTPTrigger-e832 Invoke of function was successful
[23:59:54.970894] GCP.HTTPTrigger-e832 Invoke of function was successful
[23:59:54.978254] GCP.HTTPTrigger-e832 Invoke of function was successful
[23:59:54.995636] GCP.HTTPTrigger-e832 Invoke of function was successful
[23:59:55.005439] GCP.HTTPTrigger-e832 Invoke of function was successful
[23:59:55.028825] GCP.HTTPTrigger-e832 Invoke of function was successful
[23:59:55.070363] GCP.HTTPTrigger-e832 Invoke of function was successful
[23:59:55.077233] GCP.HTTPTrigger-e832 Invoke of function was successful
[23:59:55.083550] GCP.HTTPTrigger-e832 Invoke of function was successful
[23:59:55.193248] GCP.HTTPTrigger-e832 Invoke of function was successful
[23:59:55.234170] GCP.HTTPTrigger-e832 Invoke of function was successful
[23:59:55.239664] GCP.HTTPTrigger-e832 Invoke of function was successful
[23:59:55.267192] GCP.HTTPTrigger-e832 Invoke of function was successful
[23:59:55.313555] GCP.HTTPTrigger-e832 Invoke of function was successful
[23:59:55.314541] Experiment.PerfCost-9ab1 Processed 149 samples out of 250, 2 errors
[00:00:53.373744] GCP-c715 Published new function configuration.
[00:00:53.454323] GCP-c715 Redeployed 1 out of 1
[00:00:58.459222] GCP.HTTPTrigger-e832 Invoke function https://europe-west1-grounded-braid-458419-c5.cloudfunctions.net/sebs_d9b9fac8_110_dynamic_html_python_3_11
[00:00:58.459443] GCP.HTTPTrigger-e832 Invoke function https://europe-west1-grounded-braid-458419-c5.cloudfunctions.net/sebs_d9b9fac8_110_dynamic_html_python_3_11
[00:00:58.459563] GCP.HTTPTrigger-e832 Invoke function https://europe-west1-grounded-braid-458419-c5.cloudfunctions.net/sebs_d9b9fac8_110_dynamic_html_python_3_11
[00:00:58.459648] GCP.HTTPTrigger-e832 Invoke function https://europe-west1-grounded-braid-458419-c5.cloudfunctions.net/sebs_d9b9fac8_110_dynamic_html_python_3_11
[00:00:58.459967] GCP.HTTPTrigger-e832 Invoke function https://europe-west1-grounded-braid-458419-c5.cloudfunctions.net/sebs_d9b9fac8_110_dynamic_html_python_3_11
[00:00:58.459755] GCP.HTTPTrigger-e832 Invoke function https://europe-west1-grounded-braid-458419-c5.cloudfunctions.net/sebs_d9b9fac8_110_dynamic_html_python_3_11
[00:00:58.460299] GCP.HTTPTrigger-e832 Invoke function https://europe-west1-grounded-braid-458419-c5.cloudfunctions.net/sebs_d9b9fac8_110_dynamic_html_python_3_11
[00:00:58.460929] GCP.HTTPTrigger-e832 Invoke function https://europe-west1-grounded-braid-458419-c5.cloudfunctions.net/sebs_d9b9fac8_110_dynamic_html_python_3_11
[00:00:58.461122] GCP.HTTPTrigger-e832 Invoke function https://europe-west1-grounded-braid-458419-c5.cloudfunctions.net/sebs_d9b9fac8_110_dynamic_html_python_3_11
[00:00:58.461439] GCP.HTTPTrigger-e832 Invoke function https://europe-west1-grounded-braid-458419-c5.cloudfunctions.net/sebs_d9b9fac8_110_dynamic_html_python_3_11
[00:00:58.461816] GCP.HTTPTrigger-e832 Invoke function https://europe-west1-grounded-braid-458419-c5.cloudfunctions.net/sebs_d9b9fac8_110_dynamic_html_python_3_11
[00:00:58.462098] GCP.HTTPTrigger-e832 Invoke function https://europe-west1-grounded-braid-458419-c5.cloudfunctions.net/sebs_d9b9fac8_110_dynamic_html_python_3_11
[00:00:58.462427] GCP.HTTPTrigger-e832 Invoke function https://europe-west1-grounded-braid-458419-c5.cloudfunctions.net/sebs_d9b9fac8_110_dynamic_html_python_3_11
[00:00:58.462612] GCP.HTTPTrigger-e832 Invoke function https://europe-west1-grounded-braid-458419-c5.cloudfunctions.net/sebs_d9b9fac8_110_dynamic_html_python_3_11
[00:00:58.462904] GCP.HTTPTrigger-e832 Invoke function https://europe-west1-grounded-braid-458419-c5.cloudfunctions.net/sebs_d9b9fac8_110_dynamic_html_python_3_11
[00:00:58.463096] GCP.HTTPTrigger-e832 Invoke function https://europe-west1-grounded-braid-458419-c5.cloudfunctions.net/sebs_d9b9fac8_110_dynamic_html_python_3_11
[00:00:58.463404] GCP.HTTPTrigger-e832 Invoke function https://europe-west1-grounded-braid-458419-c5.cloudfunctions.net/sebs_d9b9fac8_110_dynamic_html_python_3_11
[00:00:58.461344] GCP.HTTPTrigger-e832 Invoke function https://europe-west1-grounded-braid-458419-c5.cloudfunctions.net/sebs_d9b9fac8_110_dynamic_html_python_3_11
[00:00:58.463884] GCP.HTTPTrigger-e832 Invoke function https://europe-west1-grounded-braid-458419-c5.cloudfunctions.net/sebs_d9b9fac8_110_dynamic_html_python_3_11
[00:00:58.464147] GCP.HTTPTrigger-e832 Invoke function https://europe-west1-grounded-braid-458419-c5.cloudfunctions.net/sebs_d9b9fac8_110_dynamic_html_python_3_11
[00:00:58.464329] GCP.HTTPTrigger-e832 Invoke function https://europe-west1-grounded-braid-458419-c5.cloudfunctions.net/sebs_d9b9fac8_110_dynamic_html_python_3_11
[00:00:58.464599] GCP.HTTPTrigger-e832 Invoke function https://europe-west1-grounded-braid-458419-c5.cloudfunctions.net/sebs_d9b9fac8_110_dynamic_html_python_3_11
[00:00:58.464874] GCP.HTTPTrigger-e832 Invoke function https://europe-west1-grounded-braid-458419-c5.cloudfunctions.net/sebs_d9b9fac8_110_dynamic_html_python_3_11
[00:00:58.465164] GCP.HTTPTrigger-e832 Invoke function https://europe-west1-grounded-braid-458419-c5.cloudfunctions.net/sebs_d9b9fac8_110_dynamic_html_python_3_11
[00:00:58.461768] GCP.HTTPTrigger-e832 Invoke function https://europe-west1-grounded-braid-458419-c5.cloudfunctions.net/sebs_d9b9fac8_110_dynamic_html_python_3_11
[00:00:58.460751] GCP.HTTPTrigger-e832 Invoke function https://europe-west1-grounded-braid-458419-c5.cloudfunctions.net/sebs_d9b9fac8_110_dynamic_html_python_3_11
[00:00:58.462527] GCP.HTTPTrigger-e832 Invoke function https://europe-west1-grounded-braid-458419-c5.cloudfunctions.net/sebs_d9b9fac8_110_dynamic_html_python_3_11
[00:00:58.461006] GCP.HTTPTrigger-e832 Invoke function https://europe-west1-grounded-braid-458419-c5.cloudfunctions.net/sebs_d9b9fac8_110_dynamic_html_python_3_11
[00:00:58.463297] GCP.HTTPTrigger-e832 Invoke function https://europe-west1-grounded-braid-458419-c5.cloudfunctions.net/sebs_d9b9fac8_110_dynamic_html_python_3_11
[00:00:58.463716] GCP.HTTPTrigger-e832 Invoke function https://europe-west1-grounded-braid-458419-c5.cloudfunctions.net/sebs_d9b9fac8_110_dynamic_html_python_3_11
[00:00:58.464235] GCP.HTTPTrigger-e832 Invoke function https://europe-west1-grounded-braid-458419-c5.cloudfunctions.net/sebs_d9b9fac8_110_dynamic_html_python_3_11
[00:00:58.464694] GCP.HTTPTrigger-e832 Invoke function https://europe-west1-grounded-braid-458419-c5.cloudfunctions.net/sebs_d9b9fac8_110_dynamic_html_python_3_11
[00:00:58.464974] GCP.HTTPTrigger-e832 Invoke function https://europe-west1-grounded-braid-458419-c5.cloudfunctions.net/sebs_d9b9fac8_110_dynamic_html_python_3_11
[00:00:58.465330] GCP.HTTPTrigger-e832 Invoke function https://europe-west1-grounded-braid-458419-c5.cloudfunctions.net/sebs_d9b9fac8_110_dynamic_html_python_3_11
[00:00:58.462814] GCP.HTTPTrigger-e832 Invoke function https://europe-west1-grounded-braid-458419-c5.cloudfunctions.net/sebs_d9b9fac8_110_dynamic_html_python_3_11
[00:00:58.461230] GCP.HTTPTrigger-e832 Invoke function https://europe-west1-grounded-braid-458419-c5.cloudfunctions.net/sebs_d9b9fac8_110_dynamic_html_python_3_11
[00:00:58.463605] GCP.HTTPTrigger-e832 Invoke function https://europe-west1-grounded-braid-458419-c5.cloudfunctions.net/sebs_d9b9fac8_110_dynamic_html_python_3_11
[00:00:58.464505] GCP.HTTPTrigger-e832 Invoke function https://europe-west1-grounded-braid-458419-c5.cloudfunctions.net/sebs_d9b9fac8_110_dynamic_html_python_3_11
[00:00:58.465078] GCP.HTTPTrigger-e832 Invoke function https://europe-west1-grounded-braid-458419-c5.cloudfunctions.net/sebs_d9b9fac8_110_dynamic_html_python_3_11
[00:00:58.460438] GCP.HTTPTrigger-e832 Invoke function https://europe-west1-grounded-braid-458419-c5.cloudfunctions.net/sebs_d9b9fac8_110_dynamic_html_python_3_11
[00:00:58.463008] GCP.HTTPTrigger-e832 Invoke function https://europe-west1-grounded-braid-458419-c5.cloudfunctions.net/sebs_d9b9fac8_110_dynamic_html_python_3_11
[00:00:58.461676] GCP.HTTPTrigger-e832 Invoke function https://europe-west1-grounded-braid-458419-c5.cloudfunctions.net/sebs_d9b9fac8_110_dynamic_html_python_3_11
[00:00:58.464785] GCP.HTTPTrigger-e832 Invoke function https://europe-west1-grounded-braid-458419-c5.cloudfunctions.net/sebs_d9b9fac8_110_dynamic_html_python_3_11
[00:00:58.460168] GCP.HTTPTrigger-e832 Invoke function https://europe-west1-grounded-braid-458419-c5.cloudfunctions.net/sebs_d9b9fac8_110_dynamic_html_python_3_11
[00:00:58.464000] GCP.HTTPTrigger-e832 Invoke function https://europe-west1-grounded-braid-458419-c5.cloudfunctions.net/sebs_d9b9fac8_110_dynamic_html_python_3_11
[00:00:58.462294] GCP.HTTPTrigger-e832 Invoke function https://europe-west1-grounded-braid-458419-c5.cloudfunctions.net/sebs_d9b9fac8_110_dynamic_html_python_3_11
[00:00:58.465253] GCP.HTTPTrigger-e832 Invoke function https://europe-west1-grounded-braid-458419-c5.cloudfunctions.net/sebs_d9b9fac8_110_dynamic_html_python_3_11
[00:00:58.461574] GCP.HTTPTrigger-e832 Invoke function https://europe-west1-grounded-braid-458419-c5.cloudfunctions.net/sebs_d9b9fac8_110_dynamic_html_python_3_11
[00:00:58.464416] GCP.HTTPTrigger-e832 Invoke function https://europe-west1-grounded-braid-458419-c5.cloudfunctions.net/sebs_d9b9fac8_110_dynamic_html_python_3_11
[00:00:58.463520] GCP.HTTPTrigger-e832 Invoke function https://europe-west1-grounded-braid-458419-c5.cloudfunctions.net/sebs_d9b9fac8_110_dynamic_html_python_3_11
[00:01:01.378774] GCP.HTTPTrigger-e832 Invoke of function was successful
[00:01:01.806989] GCP.HTTPTrigger-e832 Invoke of function was successful
[00:01:01.966566] GCP.HTTPTrigger-e832 Invoke of function was successful
[00:01:02.370982] GCP.HTTPTrigger-e832 Invoke of function was successful
[00:01:02.490636] GCP.HTTPTrigger-e832 Invoke of function was successful
[00:01:02.705079] GCP.HTTPTrigger-e832 Invoke of function was successful
[00:01:03.138386] GCP.HTTPTrigger-e832 Invoke of function was successful
[00:01:03.148508] GCP.HTTPTrigger-e832 Invoke of function was successful
[00:01:03.280972] GCP.HTTPTrigger-e832 Invoke of function was successful
[00:01:04.020415] GCP.HTTPTrigger-e832 Invoke of function was successful
[00:01:04.687864] GCP.HTTPTrigger-e832 Invoke of function was successful
[00:01:06.991204] GCP.HTTPTrigger-e832 Invoke of function was successful
[00:01:08.252157] GCP.HTTPTrigger-e832 Invoke of function was successful
[00:01:09.132773] GCP.HTTPTrigger-e832 Invoke of function was successful
[00:01:09.990799] GCP.HTTPTrigger-e832 Invoke of function was successful
[00:01:10.017097] GCP.HTTPTrigger-e832 Invoke of function was successful
[00:01:10.022185] GCP.HTTPTrigger-e832 Invoke of function was successful
[00:01:10.064866] GCP.HTTPTrigger-e832 Invoke of function was successful
[00:01:10.076210] GCP.HTTPTrigger-e832 Invoke of function was successful
[00:01:13.075547] GCP.HTTPTrigger-e832 Invoke of function was successful
[00:01:13.176278] GCP.HTTPTrigger-e832 Invoke of function was successful
[00:01:13.444563] GCP.HTTPTrigger-e832 Invoke of function was successful
[00:01:13.485854] GCP.HTTPTrigger-e832 Invoke of function was successful
[00:01:13.551157] GCP.HTTPTrigger-e832 Invoke of function was successful
[00:01:13.595714] GCP.HTTPTrigger-e832 Invoke of function was successful
[00:01:13.674844] GCP.HTTPTrigger-e832 Invoke of function was successful
[00:01:13.746870] GCP.HTTPTrigger-e832 Invoke of function was successful
[00:01:13.802797] GCP.HTTPTrigger-e832 Invoke of function was successful
[00:01:13.850500] GCP.HTTPTrigger-e832 Invoke of function was successful
[00:01:13.862980] GCP.HTTPTrigger-e832 Invoke of function was successful
[00:01:13.949778] GCP.HTTPTrigger-e832 Invocation on URL https://europe-west1-grounded-braid-458419-c5.cloudfunctions.net/sebs_d9b9fac8_110_dynamic_html_python_3_11 failed!
[00:01:13.949847] GCP.HTTPTrigger-e832 No output provided!
[00:01:14.037622] GCP.HTTPTrigger-e832 Invoke of function was successful
[00:01:14.219488] GCP.HTTPTrigger-e832 Invoke of function was successful
[00:01:14.247688] GCP.HTTPTrigger-e832 Invoke of function was successful
[00:01:14.400684] GCP.HTTPTrigger-e832 Invoke of function was successful
[00:01:14.487581] GCP.HTTPTrigger-e832 Invoke of function was successful
[00:01:14.488092] GCP.HTTPTrigger-e832 Invoke of function was successful
[00:01:14.494248] GCP.HTTPTrigger-e832 Invoke of function was successful
[00:01:14.501408] GCP.HTTPTrigger-e832 Invoke of function was successful
[00:01:14.523661] GCP.HTTPTrigger-e832 Invoke of function was successful
[00:01:14.552062] GCP.HTTPTrigger-e832 Invoke of function was successful
[00:01:14.582517] GCP.HTTPTrigger-e832 Invoke of function was successful
[00:01:14.623925] GCP.HTTPTrigger-e832 Invoke of function was successful
[00:01:14.656276] GCP.HTTPTrigger-e832 Invoke of function was successful
[00:01:14.685515] GCP.HTTPTrigger-e832 Invoke of function was successful
[00:01:14.735401] GCP.HTTPTrigger-e832 Invoke of function was successful
[00:01:14.752443] GCP.HTTPTrigger-e832 Invoke of function was successful
[00:01:14.758234] GCP.HTTPTrigger-e832 Invoke of function was successful
[00:01:14.826242] GCP.HTTPTrigger-e832 Invoke of function was successful
[00:01:14.887968] GCP.HTTPTrigger-e832 Invoke of function was successful
[00:01:14.888984] Experiment.PerfCost-9ab1 Processed 198 samples out of 250, 3 errors
[00:02:14.299505] GCP-c715 Waiting for function deployment, 10 retries.
[00:02:19.478112] GCP-c715 Published new function configuration.
[00:02:19.561957] GCP-c715 Redeployed 1 out of 1
[00:02:27.498714] GCP.HTTPTrigger-e832 Invoke function https://europe-west1-grounded-braid-458419-c5.cloudfunctions.net/sebs_d9b9fac8_110_dynamic_html_python_3_11
[00:02:27.498915] GCP.HTTPTrigger-e832 Invoke function https://europe-west1-grounded-braid-458419-c5.cloudfunctions.net/sebs_d9b9fac8_110_dynamic_html_python_3_11
[00:02:27.499052] GCP.HTTPTrigger-e832 Invoke function https://europe-west1-grounded-braid-458419-c5.cloudfunctions.net/sebs_d9b9fac8_110_dynamic_html_python_3_11
[00:02:27.499265] GCP.HTTPTrigger-e832 Invoke function https://europe-west1-grounded-braid-458419-c5.cloudfunctions.net/sebs_d9b9fac8_110_dynamic_html_python_3_11
[00:02:27.501087] GCP.HTTPTrigger-e832 Invoke function https://europe-west1-grounded-braid-458419-c5.cloudfunctions.net/sebs_d9b9fac8_110_dynamic_html_python_3_11
[00:02:27.500344] GCP.HTTPTrigger-e832 Invoke function https://europe-west1-grounded-braid-458419-c5.cloudfunctions.net/sebs_d9b9fac8_110_dynamic_html_python_3_11
[00:02:27.499688] GCP.HTTPTrigger-e832 Invoke function https://europe-west1-grounded-braid-458419-c5.cloudfunctions.net/sebs_d9b9fac8_110_dynamic_html_python_3_11
[00:02:27.501273] GCP.HTTPTrigger-e832 Invoke function https://europe-west1-grounded-braid-458419-c5.cloudfunctions.net/sebs_d9b9fac8_110_dynamic_html_python_3_11
[00:02:27.503805] GCP.HTTPTrigger-e832 Invoke function https://europe-west1-grounded-braid-458419-c5.cloudfunctions.net/sebs_d9b9fac8_110_dynamic_html_python_3_11
[00:02:27.501685] GCP.HTTPTrigger-e832 Invoke function https://europe-west1-grounded-braid-458419-c5.cloudfunctions.net/sebs_d9b9fac8_110_dynamic_html_python_3_11
[00:02:27.502042] GCP.HTTPTrigger-e832 Invoke function https://europe-west1-grounded-braid-458419-c5.cloudfunctions.net/sebs_d9b9fac8_110_dynamic_html_python_3_11
[00:02:27.502372] GCP.HTTPTrigger-e832 Invoke function https://europe-west1-grounded-braid-458419-c5.cloudfunctions.net/sebs_d9b9fac8_110_dynamic_html_python_3_11
[00:02:27.505439] GCP.HTTPTrigger-e832 Invoke function https://europe-west1-grounded-braid-458419-c5.cloudfunctions.net/sebs_d9b9fac8_110_dynamic_html_python_3_11
[00:02:27.499994] GCP.HTTPTrigger-e832 Invoke function https://europe-west1-grounded-braid-458419-c5.cloudfunctions.net/sebs_d9b9fac8_110_dynamic_html_python_3_11
[00:02:27.501457] GCP.HTTPTrigger-e832 Invoke function https://europe-west1-grounded-braid-458419-c5.cloudfunctions.net/sebs_d9b9fac8_110_dynamic_html_python_3_11
[00:02:27.503447] GCP.HTTPTrigger-e832 Invoke function https://europe-west1-grounded-braid-458419-c5.cloudfunctions.net/sebs_d9b9fac8_110_dynamic_html_python_3_11
[00:02:27.503978] GCP.HTTPTrigger-e832 Invoke function https://europe-west1-grounded-braid-458419-c5.cloudfunctions.net/sebs_d9b9fac8_110_dynamic_html_python_3_11
[00:02:27.500796] GCP.HTTPTrigger-e832 Invoke function https://europe-west1-grounded-braid-458419-c5.cloudfunctions.net/sebs_d9b9fac8_110_dynamic_html_python_3_11
[00:02:27.502167] GCP.HTTPTrigger-e832 Invoke function https://europe-west1-grounded-braid-458419-c5.cloudfunctions.net/sebs_d9b9fac8_110_dynamic_html_python_3_11
[00:02:27.504798] GCP.HTTPTrigger-e832 Invoke function https://europe-west1-grounded-braid-458419-c5.cloudfunctions.net/sebs_d9b9fac8_110_dynamic_html_python_3_11
[00:02:27.502475] GCP.HTTPTrigger-e832 Invoke function https://europe-west1-grounded-braid-458419-c5.cloudfunctions.net/sebs_d9b9fac8_110_dynamic_html_python_3_11
[00:02:27.505348] GCP.HTTPTrigger-e832 Invoke function https://europe-west1-grounded-braid-458419-c5.cloudfunctions.net/sebs_d9b9fac8_110_dynamic_html_python_3_11
[00:02:27.505591] GCP.HTTPTrigger-e832 Invoke function https://europe-west1-grounded-braid-458419-c5.cloudfunctions.net/sebs_d9b9fac8_110_dynamic_html_python_3_11
[00:02:27.505886] GCP.HTTPTrigger-e832 Invoke function https://europe-west1-grounded-braid-458419-c5.cloudfunctions.net/sebs_d9b9fac8_110_dynamic_html_python_3_11
[00:02:27.505997] GCP.HTTPTrigger-e832 Invoke function https://europe-west1-grounded-braid-458419-c5.cloudfunctions.net/sebs_d9b9fac8_110_dynamic_html_python_3_11
[00:02:27.506382] GCP.HTTPTrigger-e832 Invoke function https://europe-west1-grounded-braid-458419-c5.cloudfunctions.net/sebs_d9b9fac8_110_dynamic_html_python_3_11
[00:02:27.506588] GCP.HTTPTrigger-e832 Invoke function https://europe-west1-grounded-braid-458419-c5.cloudfunctions.net/sebs_d9b9fac8_110_dynamic_html_python_3_11
[00:02:27.501545] GCP.HTTPTrigger-e832 Invoke function https://europe-west1-grounded-braid-458419-c5.cloudfunctions.net/sebs_d9b9fac8_110_dynamic_html_python_3_11
[00:02:27.501855] GCP.HTTPTrigger-e832 Invoke function https://europe-west1-grounded-braid-458419-c5.cloudfunctions.net/sebs_d9b9fac8_110_dynamic_html_python_3_11
[00:02:27.504301] GCP.HTTPTrigger-e832 Invoke function https://europe-west1-grounded-braid-458419-c5.cloudfunctions.net/sebs_d9b9fac8_110_dynamic_html_python_3_11
[00:02:27.504701] GCP.HTTPTrigger-e832 Invoke function https://europe-west1-grounded-braid-458419-c5.cloudfunctions.net/sebs_d9b9fac8_110_dynamic_html_python_3_11
[00:02:27.502570] GCP.HTTPTrigger-e832 Invoke function https://europe-west1-grounded-braid-458419-c5.cloudfunctions.net/sebs_d9b9fac8_110_dynamic_html_python_3_11
[00:02:27.505800] GCP.HTTPTrigger-e832 Invoke function https://europe-west1-grounded-braid-458419-c5.cloudfunctions.net/sebs_d9b9fac8_110_dynamic_html_python_3_11
[00:02:27.506164] GCP.HTTPTrigger-e832 Invoke function https://europe-west1-grounded-braid-458419-c5.cloudfunctions.net/sebs_d9b9fac8_110_dynamic_html_python_3_11
[00:02:27.506507] GCP.HTTPTrigger-e832 Invoke function https://europe-west1-grounded-braid-458419-c5.cloudfunctions.net/sebs_d9b9fac8_110_dynamic_html_python_3_11
[00:02:27.503561] GCP.HTTPTrigger-e832 Invoke function https://europe-west1-grounded-braid-458419-c5.cloudfunctions.net/sebs_d9b9fac8_110_dynamic_html_python_3_11
[00:02:27.504169] GCP.HTTPTrigger-e832 Invoke function https://europe-west1-grounded-braid-458419-c5.cloudfunctions.net/sebs_d9b9fac8_110_dynamic_html_python_3_11
[00:02:27.505068] GCP.HTTPTrigger-e832 Invoke function https://europe-west1-grounded-braid-458419-c5.cloudfunctions.net/sebs_d9b9fac8_110_dynamic_html_python_3_11
[00:02:27.505237] GCP.HTTPTrigger-e832 Invoke function https://europe-west1-grounded-braid-458419-c5.cloudfunctions.net/sebs_d9b9fac8_110_dynamic_html_python_3_11
[00:02:27.502799] GCP.HTTPTrigger-e832 Invoke function https://europe-west1-grounded-braid-458419-c5.cloudfunctions.net/sebs_d9b9fac8_110_dynamic_html_python_3_11
[00:02:27.500960] GCP.HTTPTrigger-e832 Invoke function https://europe-west1-grounded-braid-458419-c5.cloudfunctions.net/sebs_d9b9fac8_110_dynamic_html_python_3_11
[00:02:27.503703] GCP.HTTPTrigger-e832 Invoke function https://europe-west1-grounded-braid-458419-c5.cloudfunctions.net/sebs_d9b9fac8_110_dynamic_html_python_3_11
[00:02:27.503025] GCP.HTTPTrigger-e832 Invoke function https://europe-west1-grounded-braid-458419-c5.cloudfunctions.net/sebs_d9b9fac8_110_dynamic_html_python_3_11
[00:02:27.503285] GCP.HTTPTrigger-e832 Invoke function https://europe-west1-grounded-braid-458419-c5.cloudfunctions.net/sebs_d9b9fac8_110_dynamic_html_python_3_11
[00:02:27.504981] GCP.HTTPTrigger-e832 Invoke function https://europe-west1-grounded-braid-458419-c5.cloudfunctions.net/sebs_d9b9fac8_110_dynamic_html_python_3_11
[00:02:27.502262] GCP.HTTPTrigger-e832 Invoke function https://europe-west1-grounded-braid-458419-c5.cloudfunctions.net/sebs_d9b9fac8_110_dynamic_html_python_3_11
[00:02:27.504066] GCP.HTTPTrigger-e832 Invoke function https://europe-west1-grounded-braid-458419-c5.cloudfunctions.net/sebs_d9b9fac8_110_dynamic_html_python_3_11
[00:02:27.504401] GCP.HTTPTrigger-e832 Invoke function https://europe-west1-grounded-braid-458419-c5.cloudfunctions.net/sebs_d9b9fac8_110_dynamic_html_python_3_11
[00:02:27.505703] GCP.HTTPTrigger-e832 Invoke function https://europe-west1-grounded-braid-458419-c5.cloudfunctions.net/sebs_d9b9fac8_110_dynamic_html_python_3_11
[00:02:27.506290] GCP.HTTPTrigger-e832 Invoke function https://europe-west1-grounded-braid-458419-c5.cloudfunctions.net/sebs_d9b9fac8_110_dynamic_html_python_3_11
[00:02:32.908742] GCP.HTTPTrigger-e832 Invoke of function was successful
[00:02:34.432284] GCP.HTTPTrigger-e832 Invoke of function was successful
[00:02:34.450790] GCP.HTTPTrigger-e832 Invoke of function was successful
[00:02:34.863502] GCP.HTTPTrigger-e832 Invoke of function was successful
[00:02:35.014052] GCP.HTTPTrigger-e832 Invoke of function was successful
[00:02:35.377053] GCP.HTTPTrigger-e832 Invoke of function was successful
[00:02:35.873811] GCP.HTTPTrigger-e832 Invoke of function was successful
[00:02:35.980947] GCP.HTTPTrigger-e832 Invoke of function was successful
[00:02:36.519489] GCP.HTTPTrigger-e832 Invoke of function was successful
[00:02:36.810164] GCP.HTTPTrigger-e832 Invoke of function was successful
[00:02:36.932634] GCP.HTTPTrigger-e832 Invoke of function was successful
[00:02:37.084665] GCP.HTTPTrigger-e832 Invoke of function was successful
[00:02:37.234835] GCP.HTTPTrigger-e832 Invoke of function was successful
[00:02:37.650739] GCP.HTTPTrigger-e832 Invoke of function was successful
[00:02:37.965452] GCP.HTTPTrigger-e832 Invoke of function was successful
[00:02:37.977804] GCP.HTTPTrigger-e832 Invoke of function was successful
[00:02:38.418578] GCP.HTTPTrigger-e832 Invoke of function was successful
[00:02:38.443207] GCP.HTTPTrigger-e832 Invoke of function was successful
[00:02:38.499741] GCP.HTTPTrigger-e832 Invoke of function was successful
[00:02:39.072280] GCP.HTTPTrigger-e832 Invoke of function was successful
[00:02:39.312694] GCP.HTTPTrigger-e832 Invoke of function was successful
[00:02:39.555690] GCP.HTTPTrigger-e832 Invoke of function was successful
[00:02:39.656240] GCP.HTTPTrigger-e832 Invocation on URL https://europe-west1-grounded-braid-458419-c5.cloudfunctions.net/sebs_d9b9fac8_110_dynamic_html_python_3_11 failed!
[00:02:39.656317] GCP.HTTPTrigger-e832 No output provided!
[00:02:39.735992] GCP.HTTPTrigger-e832 Invoke of function was successful
[00:02:39.746902] GCP.HTTPTrigger-e832 Invoke of function was successful
[00:02:39.752488] GCP.HTTPTrigger-e832 Invoke of function was successful
[00:02:39.760087] GCP.HTTPTrigger-e832 Invoke of function was successful
[00:02:39.970117] GCP.HTTPTrigger-e832 Invoke of function was successful
[00:02:40.043599] GCP.HTTPTrigger-e832 Invoke of function was successful
[00:02:40.053481] GCP.HTTPTrigger-e832 Invoke of function was successful
[00:02:40.108402] GCP.HTTPTrigger-e832 Invoke of function was successful
[00:02:40.178176] GCP.HTTPTrigger-e832 Invoke of function was successful
[00:02:40.245708] GCP.HTTPTrigger-e832 Invoke of function was successful
[00:02:40.433964] GCP.HTTPTrigger-e832 Invoke of function was successful
[00:02:40.440652] GCP.HTTPTrigger-e832 Invoke of function was successful
[00:02:40.515254] GCP.HTTPTrigger-e832 Invoke of function was successful
[00:02:40.530353] GCP.HTTPTrigger-e832 Invoke of function was successful
[00:02:40.578109] GCP.HTTPTrigger-e832 Invoke of function was successful
[00:02:40.603966] GCP.HTTPTrigger-e832 Invoke of function was successful
[00:02:40.610515] GCP.HTTPTrigger-e832 Invoke of function was successful
[00:02:40.651984] GCP.HTTPTrigger-e832 Invoke of function was successful
[00:02:40.689719] GCP.HTTPTrigger-e832 Invoke of function was successful
[00:02:40.737162] GCP.HTTPTrigger-e832 Invoke of function was successful
[00:02:40.781272] GCP.HTTPTrigger-e832 Invoke of function was successful
[00:02:40.793269] GCP.HTTPTrigger-e832 Invoke of function was successful
[00:02:40.808382] GCP.HTTPTrigger-e832 Invoke of function was successful
[00:02:40.874298] GCP.HTTPTrigger-e832 Invoke of function was successful
[00:02:40.880222] GCP.HTTPTrigger-e832 Invoke of function was successful
[00:02:40.933788] GCP.HTTPTrigger-e832 Invoke of function was successful
[00:02:41.016072] GCP.HTTPTrigger-e832 Invoke of function was successful
[00:02:41.017151] Experiment.PerfCost-9ab1 Processed 247 samples out of 250, 4 errors
[00:03:43.284957] GCP-c715 Waiting for function deployment, 10 retries.
[00:03:48.455859] GCP-c715 Published new function configuration.
[00:03:48.535499] GCP-c715 Redeployed 1 out of 1
[00:03:53.539990] GCP.HTTPTrigger-e832 Invoke function https://europe-west1-grounded-braid-458419-c5.cloudfunctions.net/sebs_d9b9fac8_110_dynamic_html_python_3_11
[00:03:53.540193] GCP.HTTPTrigger-e832 Invoke function https://europe-west1-grounded-braid-458419-c5.cloudfunctions.net/sebs_d9b9fac8_110_dynamic_html_python_3_11
[00:03:53.540344] GCP.HTTPTrigger-e832 Invoke function https://europe-west1-grounded-braid-458419-c5.cloudfunctions.net/sebs_d9b9fac8_110_dynamic_html_python_3_11
[00:03:53.540602] GCP.HTTPTrigger-e832 Invoke function https://europe-west1-grounded-braid-458419-c5.cloudfunctions.net/sebs_d9b9fac8_110_dynamic_html_python_3_11
[00:03:53.541102] GCP.HTTPTrigger-e832 Invoke function https://europe-west1-grounded-braid-458419-c5.cloudfunctions.net/sebs_d9b9fac8_110_dynamic_html_python_3_11
[00:03:53.540915] GCP.HTTPTrigger-e832 Invoke function https://europe-west1-grounded-braid-458419-c5.cloudfunctions.net/sebs_d9b9fac8_110_dynamic_html_python_3_11
[00:03:53.540808] GCP.HTTPTrigger-e832 Invoke function https://europe-west1-grounded-braid-458419-c5.cloudfunctions.net/sebs_d9b9fac8_110_dynamic_html_python_3_11
[00:03:53.541377] GCP.HTTPTrigger-e832 Invoke function https://europe-west1-grounded-braid-458419-c5.cloudfunctions.net/sebs_d9b9fac8_110_dynamic_html_python_3_11
[00:03:53.541784] GCP.HTTPTrigger-e832 Invoke function https://europe-west1-grounded-braid-458419-c5.cloudfunctions.net/sebs_d9b9fac8_110_dynamic_html_python_3_11
[00:03:53.542173] GCP.HTTPTrigger-e832 Invoke function https://europe-west1-grounded-braid-458419-c5.cloudfunctions.net/sebs_d9b9fac8_110_dynamic_html_python_3_11
[00:03:53.542415] GCP.HTTPTrigger-e832 Invoke function https://europe-west1-grounded-braid-458419-c5.cloudfunctions.net/sebs_d9b9fac8_110_dynamic_html_python_3_11
[00:03:53.542740] GCP.HTTPTrigger-e832 Invoke function https://europe-west1-grounded-braid-458419-c5.cloudfunctions.net/sebs_d9b9fac8_110_dynamic_html_python_3_11
[00:03:53.547188] GCP.HTTPTrigger-e832 Invoke function https://europe-west1-grounded-braid-458419-c5.cloudfunctions.net/sebs_d9b9fac8_110_dynamic_html_python_3_11
[00:03:53.543436] GCP.HTTPTrigger-e832 Invoke function https://europe-west1-grounded-braid-458419-c5.cloudfunctions.net/sebs_d9b9fac8_110_dynamic_html_python_3_11
[00:03:53.543756] GCP.HTTPTrigger-e832 Invoke function https://europe-west1-grounded-braid-458419-c5.cloudfunctions.net/sebs_d9b9fac8_110_dynamic_html_python_3_11
[00:03:53.544093] GCP.HTTPTrigger-e832 Invoke function https://europe-west1-grounded-braid-458419-c5.cloudfunctions.net/sebs_d9b9fac8_110_dynamic_html_python_3_11
[00:03:53.544673] GCP.HTTPTrigger-e832 Invoke function https://europe-west1-grounded-braid-458419-c5.cloudfunctions.net/sebs_d9b9fac8_110_dynamic_html_python_3_11
[00:03:53.545006] GCP.HTTPTrigger-e832 Invoke function https://europe-west1-grounded-braid-458419-c5.cloudfunctions.net/sebs_d9b9fac8_110_dynamic_html_python_3_11
[00:03:53.545387] GCP.HTTPTrigger-e832 Invoke function https://europe-west1-grounded-braid-458419-c5.cloudfunctions.net/sebs_d9b9fac8_110_dynamic_html_python_3_11
[00:03:53.545871] GCP.HTTPTrigger-e832 Invoke function https://europe-west1-grounded-braid-458419-c5.cloudfunctions.net/sebs_d9b9fac8_110_dynamic_html_python_3_11
[00:03:53.546053] GCP.HTTPTrigger-e832 Invoke function https://europe-west1-grounded-braid-458419-c5.cloudfunctions.net/sebs_d9b9fac8_110_dynamic_html_python_3_11
[00:03:53.546512] GCP.HTTPTrigger-e832 Invoke function https://europe-west1-grounded-braid-458419-c5.cloudfunctions.net/sebs_d9b9fac8_110_dynamic_html_python_3_11
[00:03:53.546746] GCP.HTTPTrigger-e832 Invoke function https://europe-west1-grounded-braid-458419-c5.cloudfunctions.net/sebs_d9b9fac8_110_dynamic_html_python_3_11
[00:03:53.547116] GCP.HTTPTrigger-e832 Invoke function https://europe-west1-grounded-braid-458419-c5.cloudfunctions.net/sebs_d9b9fac8_110_dynamic_html_python_3_11
[00:03:53.547355] GCP.HTTPTrigger-e832 Invoke function https://europe-west1-grounded-braid-458419-c5.cloudfunctions.net/sebs_d9b9fac8_110_dynamic_html_python_3_11
[00:03:53.547529] GCP.HTTPTrigger-e832 Invoke function https://europe-west1-grounded-braid-458419-c5.cloudfunctions.net/sebs_d9b9fac8_110_dynamic_html_python_3_11
[00:03:53.547755] GCP.HTTPTrigger-e832 Invoke function https://europe-west1-grounded-braid-458419-c5.cloudfunctions.net/sebs_d9b9fac8_110_dynamic_html_python_3_11
[00:03:53.547893] GCP.HTTPTrigger-e832 Invoke function https://europe-west1-grounded-braid-458419-c5.cloudfunctions.net/sebs_d9b9fac8_110_dynamic_html_python_3_11
[00:03:53.544493] GCP.HTTPTrigger-e832 Invoke function https://europe-west1-grounded-braid-458419-c5.cloudfunctions.net/sebs_d9b9fac8_110_dynamic_html_python_3_11
[00:03:53.544868] GCP.HTTPTrigger-e832 Invoke function https://europe-west1-grounded-braid-458419-c5.cloudfunctions.net/sebs_d9b9fac8_110_dynamic_html_python_3_11
[00:03:53.545529] GCP.HTTPTrigger-e832 Invoke function https://europe-west1-grounded-braid-458419-c5.cloudfunctions.net/sebs_d9b9fac8_110_dynamic_html_python_3_11
[00:03:53.542295] GCP.HTTPTrigger-e832 Invoke function https://europe-west1-grounded-braid-458419-c5.cloudfunctions.net/sebs_d9b9fac8_110_dynamic_html_python_3_11
[00:03:53.542831] GCP.HTTPTrigger-e832 Invoke function https://europe-west1-grounded-braid-458419-c5.cloudfunctions.net/sebs_d9b9fac8_110_dynamic_html_python_3_11
[00:03:53.546988] GCP.HTTPTrigger-e832 Invoke function https://europe-west1-grounded-braid-458419-c5.cloudfunctions.net/sebs_d9b9fac8_110_dynamic_html_python_3_11
[00:03:53.541009] GCP.HTTPTrigger-e832 Invoke function https://europe-west1-grounded-braid-458419-c5.cloudfunctions.net/sebs_d9b9fac8_110_dynamic_html_python_3_11
[00:03:53.541897] GCP.HTTPTrigger-e832 Invoke function https://europe-west1-grounded-braid-458419-c5.cloudfunctions.net/sebs_d9b9fac8_110_dynamic_html_python_3_11
[00:03:53.542005] GCP.HTTPTrigger-e832 Invoke function https://europe-west1-grounded-braid-458419-c5.cloudfunctions.net/sebs_d9b9fac8_110_dynamic_html_python_3_11
[00:03:53.545132] GCP.HTTPTrigger-e832 Invoke function https://europe-west1-grounded-braid-458419-c5.cloudfunctions.net/sebs_d9b9fac8_110_dynamic_html_python_3_11
[00:03:53.545652] GCP.HTTPTrigger-e832 Invoke function https://europe-west1-grounded-braid-458419-c5.cloudfunctions.net/sebs_d9b9fac8_110_dynamic_html_python_3_11
[00:03:53.546336] GCP.HTTPTrigger-e832 Invoke function https://europe-west1-grounded-braid-458419-c5.cloudfunctions.net/sebs_d9b9fac8_110_dynamic_html_python_3_11
[00:03:53.543003] GCP.HTTPTrigger-e832 Invoke function https://europe-west1-grounded-braid-458419-c5.cloudfunctions.net/sebs_d9b9fac8_110_dynamic_html_python_3_11
[00:03:53.541552] GCP.HTTPTrigger-e832 Invoke function https://europe-west1-grounded-braid-458419-c5.cloudfunctions.net/sebs_d9b9fac8_110_dynamic_html_python_3_11
[00:03:53.540700] GCP.HTTPTrigger-e832 Invoke function https://europe-west1-grounded-braid-458419-c5.cloudfunctions.net/sebs_d9b9fac8_110_dynamic_html_python_3_11
[00:03:53.542609] GCP.HTTPTrigger-e832 Invoke function https://europe-west1-grounded-braid-458419-c5.cloudfunctions.net/sebs_d9b9fac8_110_dynamic_html_python_3_11
[00:03:53.543332] GCP.HTTPTrigger-e832 Invoke function https://europe-west1-grounded-braid-458419-c5.cloudfunctions.net/sebs_d9b9fac8_110_dynamic_html_python_3_11
[00:03:53.541674] GCP.HTTPTrigger-e832 Invoke function https://europe-west1-grounded-braid-458419-c5.cloudfunctions.net/sebs_d9b9fac8_110_dynamic_html_python_3_11
[00:03:53.545749] GCP.HTTPTrigger-e832 Invoke function https://europe-west1-grounded-braid-458419-c5.cloudfunctions.net/sebs_d9b9fac8_110_dynamic_html_python_3_11
[00:03:53.544776] GCP.HTTPTrigger-e832 Invoke function https://europe-west1-grounded-braid-458419-c5.cloudfunctions.net/sebs_d9b9fac8_110_dynamic_html_python_3_11
[00:03:53.546645] GCP.HTTPTrigger-e832 Invoke function https://europe-west1-grounded-braid-458419-c5.cloudfunctions.net/sebs_d9b9fac8_110_dynamic_html_python_3_11
[00:03:53.547658] GCP.HTTPTrigger-e832 Invoke function https://europe-west1-grounded-braid-458419-c5.cloudfunctions.net/sebs_d9b9fac8_110_dynamic_html_python_3_11
[00:03:57.270792] GCP.HTTPTrigger-e832 Invoke of function was successful
[00:03:58.236565] GCP.HTTPTrigger-e832 Invoke of function was successful
[00:03:58.715363] GCP.HTTPTrigger-e832 Invoke of function was successful
[00:04:02.036732] GCP.HTTPTrigger-e832 Invoke of function was successful
[00:04:02.409237] GCP.HTTPTrigger-e832 Invoke of function was successful
[00:04:02.469190] GCP.HTTPTrigger-e832 Invoke of function was successful
[00:04:02.959020] GCP.HTTPTrigger-e832 Invoke of function was successful
[00:04:03.049524] GCP.HTTPTrigger-e832 Invoke of function was successful
[00:04:03.470527] GCP.HTTPTrigger-e832 Invoke of function was successful
[00:04:03.624548] GCP.HTTPTrigger-e832 Invoke of function was successful
[00:04:03.826757] GCP.HTTPTrigger-e832 Invoke of function was successful
[00:04:04.089376] GCP.HTTPTrigger-e832 Invoke of function was successful
[00:04:04.308058] GCP.HTTPTrigger-e832 Invoke of function was successful
[00:04:04.613072] GCP.HTTPTrigger-e832 Invoke of function was successful
[00:04:04.743400] GCP.HTTPTrigger-e832 Invoke of function was successful
[00:04:04.874498] GCP.HTTPTrigger-e832 Invoke of function was successful
[00:04:04.962457] GCP.HTTPTrigger-e832 Invoke of function was successful
[00:04:05.262453] GCP.HTTPTrigger-e832 Invoke of function was successful
[00:04:05.551907] GCP.HTTPTrigger-e832 Invoke of function was successful
[00:04:05.579065] GCP.HTTPTrigger-e832 Invoke of function was successful
[00:04:05.585398] GCP.HTTPTrigger-e832 Invoke of function was successful
[00:04:05.616526] GCP.HTTPTrigger-e832 Invoke of function was successful
[00:04:05.668343] GCP.HTTPTrigger-e832 Invoke of function was successful
[00:04:05.675938] GCP.HTTPTrigger-e832 Invoke of function was successful
[00:04:05.724192] GCP.HTTPTrigger-e832 Invoke of function was successful
[00:04:05.797336] GCP.HTTPTrigger-e832 Invoke of function was successful
[00:04:05.965834] GCP.HTTPTrigger-e832 Invoke of function was successful
[00:04:08.992528] GCP.HTTPTrigger-e832 Invoke of function was successful
[00:04:09.257817] GCP.HTTPTrigger-e832 Invoke of function was successful
[00:04:09.441418] GCP.HTTPTrigger-e832 Invoke of function was successful
[00:04:09.466615] GCP.HTTPTrigger-e832 Invoke of function was successful
[00:04:09.621108] GCP.HTTPTrigger-e832 Invoke of function was successful
[00:04:09.676051] GCP.HTTPTrigger-e832 Invoke of function was successful
[00:04:09.682569] GCP.HTTPTrigger-e832 Invoke of function was successful
[00:04:09.688388] GCP.HTTPTrigger-e832 Invoke of function was successful
[00:04:09.741045] GCP.HTTPTrigger-e832 Invoke of function was successful
[00:04:09.770137] GCP.HTTPTrigger-e832 Invoke of function was successful
[00:04:09.784145] GCP.HTTPTrigger-e832 Invoke of function was successful
[00:04:09.878977] GCP.HTTPTrigger-e832 Invoke of function was successful
[00:04:09.904243] GCP.HTTPTrigger-e832 Invoke of function was successful
[00:04:09.967714] GCP.HTTPTrigger-e832 Invoke of function was successful
[00:04:09.975332] GCP.HTTPTrigger-e832 Invoke of function was successful
[00:04:10.027807] GCP.HTTPTrigger-e832 Invoke of function was successful
[00:04:10.034520] GCP.HTTPTrigger-e832 Invoke of function was successful
[00:04:10.042008] GCP.HTTPTrigger-e832 Invoke of function was successful
[00:04:10.077540] GCP.HTTPTrigger-e832 Invoke of function was successful
[00:04:10.115257] GCP.HTTPTrigger-e832 Invoke of function was successful
[00:04:10.153695] GCP.HTTPTrigger-e832 Invoke of function was successful
[00:04:10.187016] GCP.HTTPTrigger-e832 Invoke of function was successful
[00:04:10.241697] GCP.HTTPTrigger-e832 Invoke of function was successful
[00:04:10.242657] Experiment.PerfCost-9ab1 Processed 297 samples out of 250, 4 errors
[00:04:15.246591] Experiment.PerfCost-9ab1 Mean 12312.388905723905 [ms], median 13108.827 [ms], std 3627.7823226985247, CV 29.46448776493736
[00:04:15.247504] Experiment.PerfCost-9ab1 Parametric CI (Student's t-distribution) 0.95 from 11897.413052878645 to 12727.364758569165, within 3.3703926672779336% of mean
[00:04:15.247627] Experiment.PerfCost-9ab1 Non-parametric CI 0.95 from 12661.638 to 13360.295, within 2.664834160981754% of median
[00:04:15.248274] Experiment.PerfCost-9ab1 Parametric CI (Student's t-distribution) 0.99 from 11765.72433851962 to 12859.05347292819, within 4.43995532784175% of mean
[00:04:15.248393] Experiment.PerfCost-9ab1 Non-parametric CI 0.99 from 12518.237 to 13419.787, within 3.4387134714646903% of median
[00:04:22.744031] Benchmark-1335 Update cached config /home/zia/serverless-benchmarks/experiments/perf_cost/gcp/cache/gcp.json
Execute benchmark 6_thumbnailer, Python, Concurrent: 50
[00:04:23.695151] SeBS-d6f1 Created experiment output at /home/zia/serverless-benchmarks/experiments/perf_cost/gcp/6_thumbnailer
[00:04:23.898050] GCPResources-13bc Using cached resources for GCP
[00:04:23.898246] GCPConfig-c40b Loading cached config for GCP
[00:04:24.327763] GCP-529f Using existing resource name: d9b9fac8.
[00:04:35.589731] Benchmark-16ae Building benchmark 210.thumbnailer. Reason: no cached code package.
[00:04:35.593254] Benchmark-16ae Docker build of benchmark dependencies in container of image spcleth/serverless-benchmarks:build.gcp.python.3.11-1.2.0
[00:04:35.593460] Benchmark-16ae Docker mount of benchmark code from path /home/zia/serverless-benchmarks/experiments/perf_cost/gcp/6_thumbnailer/210.thumbnailer_code/python/3.11/x64/package
[00:04:45.779328] Benchmark-16ae Created code package (source hash: 31929ac7cd041b1e05b3952ff60c2ed1), for run on gcp with python:3.11
[00:04:45.783986] GCP-529f Creating new function! Reason: function sebs_d9b9fac8_210_thumbnailer_python_3_11 not found in cache.
[00:04:49.118268] GCP-529f Uploading function sebs_d9b9fac8_210_thumbnailer_python_3_11 code to sebs-deployment-d9b9fac8
[00:04:50.272984] GCP-529f Function sebs_d9b9fac8_210_thumbnailer_python_3_11 has been created!
[00:04:50.500702] GCP-529f Sleeping for 5 seconds because the created functions is not yet available!
[00:04:56.273955] GCP-529f Function sebs_d9b9fac8_210_thumbnailer_python_3_11 accepts now unauthenticated invocations!
[00:04:56.275431] GCP-529f Function sebs_d9b9fac8_210_thumbnailer_python_3_11 - waiting for deployment...
[00:05:40.636329] GCP-529f Function sebs_d9b9fac8_210_thumbnailer_python_3_11 - deployed!
[00:05:40.637368] Experiment.PerfCost-ae56 Begin experiment on memory size 128
[00:05:43.948773] GCP-529f Uploaded new code package to sebs-deployment-d9b9fac8/x64-210.thumbnailer.zip
[00:06:41.862198] GCP-529f Waiting for function deployment, 10 retries.
[00:06:52.412004] GCP-529f Published new function code and configuration.
[00:06:52.412459] Experiment.PerfCost-ae56 Begin cold experiments
[00:07:45.631739] GCP-529f Published new function configuration.
[00:07:45.886614] GCP-529f Redeployed 1 out of 1
[00:08:39.287745] Experiment.PerfCost-ae56 Processed 0 warm-up samples, ignoring these results.
[00:09:42.246021] GCP-529f Waiting for function deployment, 10 retries.
[00:09:47.408869] GCP-529f Published new function configuration.
[00:09:47.544431] GCP-529f Redeployed 1 out of 1
[00:10:40.434149] Experiment.PerfCost-ae56 Processed 50 samples out of 250, 0 errors
[00:11:35.371790] GCP-529f Published new function configuration.
[00:11:35.456352] GCP-529f Redeployed 1 out of 1
[00:12:10.597137] Experiment.PerfCost-ae56 Processed 100 samples out of 250, 0 errors
[00:13:03.512056] GCP-529f Published new function configuration.
[00:13:03.592828] GCP-529f Redeployed 1 out of 1
[00:13:35.882790] Experiment.PerfCost-ae56 Processed 150 samples out of 250, 0 errors
[00:14:35.287856] GCP-529f Waiting for function deployment, 10 retries.
[00:14:48.829895] GCP-529f Published new function configuration.
[00:14:48.919605] GCP-529f Redeployed 1 out of 1
[00:15:24.802505] Experiment.PerfCost-ae56 Processed 200 samples out of 250, 0 errors
[00:16:19.319658] GCP-529f Published new function configuration.
[00:16:19.396923] GCP-529f Redeployed 1 out of 1
[00:17:10.818593] Experiment.PerfCost-ae56 Processed 250 samples out of 250, 0 errors
[00:17:15.819551] Experiment.PerfCost-ae56 Mean 20441.662991999998 [ms], median 19555.394500000002 [ms], std 5415.720969017553, CV 26.493543950592656
[00:17:15.820614] Experiment.PerfCost-ae56 Parametric CI (Student's t-distribution) 0.95 from 19765.703421148293 to 21117.622562851702, within 3.3067738721465396% of mean
[00:17:15.820735] Experiment.PerfCost-ae56 Non-parametric CI 0.95 from 19116.05 to 20183.087, within 2.7282420715163793% of median
[00:17:15.821373] Experiment.PerfCost-ae56 Parametric CI (Student's t-distribution) 0.99 from 19550.793523772405 to 21332.53246022759, within 4.358106620661154% of mean
[00:17:15.821536] Experiment.PerfCost-ae56 Non-parametric CI 0.99 from 18978.755 to 20382.332, within 3.588720749151845% of median
[00:17:15.851544] Experiment.PerfCost-ae56 Begin warm experiments
[00:17:56.562426] Experiment.PerfCost-ae56 Processed 0 warm-up samples, ignoring these results.
[00:18:29.043412] Experiment.PerfCost-ae56 Invocation s6r60gbrsijv is cold!
[00:18:32.966611] Experiment.PerfCost-ae56 Invocation ks3feva0wbky is cold!
[00:18:32.967176] Experiment.PerfCost-ae56 Invocation cfpsnrtyhdu5 is cold!
[00:18:32.967284] Experiment.PerfCost-ae56 Invocation zx73u0jh8ic3 is cold!
[00:18:32.967371] Experiment.PerfCost-ae56 Invocation lwo9s3ch2eg6 is cold!
[00:18:32.967469] Experiment.PerfCost-ae56 Invocation mhfgb5qemm4w is cold!
[00:18:32.967604] Experiment.PerfCost-ae56 Invocation zbzl5w5lsjbw is cold!
[00:18:32.967701] Experiment.PerfCost-ae56 Invocation e6o164o4gqdb is cold!
[00:18:32.967779] Experiment.PerfCost-ae56 Invocation e78i146sjmwe is cold!
[00:18:32.967834] Experiment.PerfCost-ae56 Processed 41 samples out of 250, 0 errors
[00:19:10.971495] Experiment.PerfCost-ae56 Invocation tgzz6ry7ygnf is cold!
[00:19:10.971742] Experiment.PerfCost-ae56 Invocation 4vsmowkagajo is cold!
[00:19:10.971970] Experiment.PerfCost-ae56 Invocation ttsuw126r1by is cold!
[00:19:10.972647] Experiment.PerfCost-ae56 Invocation xq4423aj7qey is cold!
[00:19:10.972737] Experiment.PerfCost-ae56 Invocation f2dxzzm32gu3 is cold!
[00:19:10.972858] Experiment.PerfCost-ae56 Invocation iudpg3nsqxcw is cold!
[00:19:10.972986] Experiment.PerfCost-ae56 Invocation fypr4mqghg4m is cold!
[00:19:10.973096] Experiment.PerfCost-ae56 Invocation h7t37ts139fr is cold!
[00:19:10.973304] Experiment.PerfCost-ae56 Processed 83 samples out of 250, 0 errors
[00:19:42.068029] Experiment.PerfCost-ae56 Invocation gvet005hxuei is cold!
[00:19:42.068264] Experiment.PerfCost-ae56 Invocation nhayq9xk0st5 is cold!
[00:19:45.614189] Experiment.PerfCost-ae56 Invocation f53nk9uvf1vb is cold!
[00:19:45.614673] Experiment.PerfCost-ae56 Invocation 34egx1t4ql9u is cold!
[00:19:45.614811] Experiment.PerfCost-ae56 Invocation 1khaelrouagc is cold!
[00:19:45.615011] Experiment.PerfCost-ae56 Invocation s2v79q7z27qs is cold!
[00:19:45.615121] Experiment.PerfCost-ae56 Invocation ruku1tn47umo is cold!
[00:19:45.615201] Experiment.PerfCost-ae56 Invocation k2znye62wkq3 is cold!
[00:19:45.615314] Experiment.PerfCost-ae56 Invocation zbm7bc8tdek0 is cold!
[00:19:45.615422] Experiment.PerfCost-ae56 Processed 124 samples out of 250, 0 errors
[00:20:18.387946] Experiment.PerfCost-ae56 Invocation t22m33ciwh6d is cold!
[00:20:18.388196] Experiment.PerfCost-ae56 Invocation c0bl9djcemju is cold!
[00:20:18.388300] Experiment.PerfCost-ae56 Invocation k874h3frer89 is cold!
[00:20:20.600822] Experiment.PerfCost-ae56 Invocation uo69uxnxxv7r is cold!
[00:20:20.601019] Experiment.PerfCost-ae56 Invocation ghjyu99vi22y is cold!
[00:20:25.995123] Experiment.PerfCost-ae56 Invocation 6zewsgy2cina is cold!
[00:20:25.995792] Experiment.PerfCost-ae56 Invocation d6juy8mpfifo is cold!
[00:20:25.995929] Experiment.PerfCost-ae56 Invocation 0rlxmfmx39xq is cold!
[00:20:25.996106] Experiment.PerfCost-ae56 Invocation mjaxrkh6bkb2 is cold!
[00:20:25.996221] Experiment.PerfCost-ae56 Invocation o4ifwsthnunm is cold!
[00:20:25.996313] Experiment.PerfCost-ae56 Processed 164 samples out of 250, 0 errors
[00:20:54.831375] Experiment.PerfCost-ae56 Invocation wjs1hvb8p0ve is cold!
[00:20:55.277321] Experiment.PerfCost-ae56 Invocation uhpyudcjvjkp is cold!
[00:20:55.277627] Experiment.PerfCost-ae56 Invocation dbgnxwnhz0qz is cold!
[00:20:55.277872] Experiment.PerfCost-ae56 Invocation zl4s2xu43oif is cold!
[00:20:55.278015] Experiment.PerfCost-ae56 Invocation n3ks560iwt7w is cold!
[00:20:55.278461] Experiment.PerfCost-ae56 Invocation 5k7x7etl7arf is cold!
[00:20:55.278545] Experiment.PerfCost-ae56 Processed 208 samples out of 250, 0 errors
[00:21:22.828585] Experiment.PerfCost-ae56 Invocation dqxinyt3zham is cold!
[00:21:25.602173] Experiment.PerfCost-ae56 Invocation b9s9af0uiemy is cold!
[00:21:26.385170] Experiment.PerfCost-ae56 Invocation 198wq575ajnk is cold!
[00:21:26.385373] Experiment.PerfCost-ae56 Processed 255 samples out of 250, 0 errors
[00:21:31.390442] Experiment.PerfCost-ae56 Mean 3197.4879450980397 [ms], median 2318.926 [ms], std 1422.4633996232487, CV 44.486904221295944
[00:21:31.391347] Experiment.PerfCost-ae56 Parametric CI (Student's t-distribution) 0.95 from 3021.717194496324 to 3373.2586956997557, within 5.497151314399296% of mean
[00:21:31.391513] Experiment.PerfCost-ae56 Non-parametric CI 0.95 from 2244.964 to 2429.183, within 3.9720758661552815% of median
[00:21:31.392067] Experiment.PerfCost-ae56 Parametric CI (Student's t-distribution) 0.99 from 2965.8467819068455 to 3429.129108289234, within 7.244473385624969% of mean
[00:21:31.392168] Experiment.PerfCost-ae56 Non-parametric CI 0.99 from 2231.075 to 2448.194, within 4.681455984365179% of median
[00:21:31.422223] Benchmark-f637 Update cached config /home/zia/serverless-benchmarks/experiments/perf_cost/gcp/cache/gcp.json
Execute benchmark 7_thumbnailer, Node.js, Concurrent: 50
[00:21:32.223069] SeBS-d3e6 Created experiment output at /home/zia/serverless-benchmarks/experiments/perf_cost/gcp/7_thumbnailer
[00:21:32.427424] GCPResources-cf12 Using cached resources for GCP
[00:21:32.427637] GCPConfig-43f0 Loading cached config for GCP
[00:21:32.891656] GCP-92c3 Using existing resource name: d9b9fac8.
[00:21:32.943820] Benchmark-adaa Building benchmark 210.thumbnailer. Reason: no cached code package.
[00:21:32.946702] Benchmark-adaa Docker build of benchmark dependencies in container of image spcleth/serverless-benchmarks:build.gcp.nodejs.20-1.2.0
[00:21:32.946807] Benchmark-adaa Docker mount of benchmark code from path /home/zia/serverless-benchmarks/experiments/perf_cost/gcp/7_thumbnailer/210.thumbnailer_code/nodejs/20/x64/package
[00:24:48.245773] Benchmark-adaa Created code package (source hash: e5742c0cea0467204378397d214d81ec), for run on gcp with nodejs:20
[00:24:48.250420] GCP-92c3 Creating new function! Reason: function sebs_d9b9fac8_210_thumbnailer_nodejs_20 not found in cache.
[00:24:51.646776] GCP-92c3 Uploading function sebs_d9b9fac8_210_thumbnailer_nodejs_20 code to sebs-deployment-d9b9fac8
[00:24:52.774610] GCP-92c3 Function sebs_d9b9fac8_210_thumbnailer_nodejs_20 has been created!
[00:24:53.036112] GCP-92c3 Sleeping for 5 seconds because the created functions is not yet available!
[00:24:58.645899] GCP-92c3 Function sebs_d9b9fac8_210_thumbnailer_nodejs_20 accepts now unauthenticated invocations!
[00:24:58.647549] GCP-92c3 Function sebs_d9b9fac8_210_thumbnailer_nodejs_20 - waiting for deployment...
[00:25:52.371950] GCP-92c3 Function sebs_d9b9fac8_210_thumbnailer_nodejs_20 - deployed!
[00:25:52.373121] Experiment.PerfCost-aa2e Begin experiment on memory size 128
[00:25:55.616408] GCP-92c3 Uploaded new code package to sebs-deployment-d9b9fac8/x64-210.thumbnailer.zip
[00:26:50.531294] GCP-92c3 Waiting for function deployment, 10 retries.
[00:26:55.862853] GCP-92c3 Published new function code and configuration.
[00:26:55.863315] Experiment.PerfCost-aa2e Begin cold experiments
[00:27:48.168382] GCP-92c3 Published new function configuration.
[00:27:48.250723] GCP-92c3 Redeployed 1 out of 1
[00:28:14.691431] Experiment.PerfCost-aa2e Processed 0 warm-up samples, ignoring these results.
[00:29:14.500193] GCP-92c3 Waiting for function deployment, 10 retries.
[00:29:32.906004] GCP-92c3 Published new function configuration.
[00:29:32.987800] GCP-92c3 Redeployed 1 out of 1
[00:29:59.307922] Experiment.PerfCost-aa2e Processed 50 samples out of 250, 0 errors
[00:30:58.773970] GCP-92c3 Waiting for function deployment, 10 retries.
[00:31:17.205613] GCP-92c3 Published new function configuration.
[00:31:17.287447] GCP-92c3 Redeployed 1 out of 1
[00:31:48.960413] Experiment.PerfCost-aa2e Processed 100 samples out of 250, 0 errors
[00:32:43.433645] GCP-92c3 Published new function configuration.
[00:32:43.512987] GCP-92c3 Redeployed 1 out of 1
[00:33:13.844456] Experiment.PerfCost-aa2e Processed 150 samples out of 250, 0 errors
[00:34:16.646371] GCP-92c3 Waiting for function deployment, 10 retries.
[00:34:26.914461] GCP-92c3 Published new function configuration.
[00:34:27.137162] GCP-92c3 Redeployed 1 out of 1
[00:35:05.027837] Experiment.PerfCost-aa2e Processed 200 samples out of 250, 0 errors
[00:36:07.400706] GCP-92c3 Waiting for function deployment, 10 retries.
[00:36:25.818412] GCP-92c3 Published new function configuration.
[00:36:26.044479] GCP-92c3 Redeployed 1 out of 1
[00:36:55.552647] Experiment.PerfCost-aa2e Invocation d88n4np4g9md is not cold!
[00:36:55.552871] Experiment.PerfCost-aa2e Processed 249 samples out of 250, 0 errors
[00:37:57.985865] GCP-92c3 Waiting for function deployment, 10 retries.
[00:38:11.178883] GCP-92c3 Published new function configuration.
[00:38:11.263215] GCP-92c3 Redeployed 1 out of 1
[00:38:39.918401] Experiment.PerfCost-aa2e Processed 299 samples out of 250, 0 errors
[00:38:47.855136] Experiment.PerfCost-aa2e Mean 16533.39647491639 [ms], median 15858.823 [ms], std 3790.8665992514225, CV 22.928541059320317
[00:38:47.856111] Experiment.PerfCost-aa2e Parametric CI (Student's t-distribution) 0.95 from 16101.23518239887 to 16965.557767433907, within 2.6138688028994603% of mean
[00:38:47.856248] Experiment.PerfCost-aa2e Non-parametric CI 0.95 from 15539.461 to 16544.912, within 3.1700051132420133% of median
[00:38:47.856860] Experiment.PerfCost-aa2e Parametric CI (Student's t-distribution) 0.99 from 15964.101922066673 to 17102.691027766105, within 3.4433006775916843% of mean
[00:38:47.856998] Experiment.PerfCost-aa2e Non-parametric CI 0.99 from 15459.043 to 16881.568, within 4.48496398503218% of median
[00:38:47.887329] Experiment.PerfCost-aa2e Begin warm experiments
[00:39:10.657170] Experiment.PerfCost-aa2e Processed 0 warm-up samples, ignoring these results.
[00:39:36.511557] Experiment.PerfCost-aa2e Invocation brh2yo95wuar is cold!
[00:39:37.363818] Experiment.PerfCost-aa2e Invocation bdglxuxmchrn is cold!
[00:39:37.363999] Experiment.PerfCost-aa2e Invocation yhmxkiu7nfo4 is cold!
[00:39:38.515690] Experiment.PerfCost-aa2e Invocation o3ftjn25kbvv is cold!
[00:39:38.515933] Experiment.PerfCost-aa2e Invocation okwky1aa3cti is cold!
[00:39:38.516291] Experiment.PerfCost-aa2e Processed 45 samples out of 250, 0 errors
[00:40:06.278221] Experiment.PerfCost-aa2e Invocation oz8fm2wm1ppz is cold!
[00:40:06.278399] Experiment.PerfCost-aa2e Invocation mashj04g2dve is cold!
[00:40:06.278471] Experiment.PerfCost-aa2e Invocation juz0mf28n8al is cold!
[00:40:06.714874] Experiment.PerfCost-aa2e Invocation rhmwzdecusqs is cold!
[00:40:06.715161] Experiment.PerfCost-aa2e Processed 91 samples out of 250, 0 errors
[00:40:33.566460] Experiment.PerfCost-aa2e Invocation av2enb2boex4 is cold!
[00:40:38.938854] Experiment.PerfCost-aa2e Invocation b4cjkzwcu9ha is cold!
[00:40:38.939311] Experiment.PerfCost-aa2e Invocation gf0uy3xvnd6t is cold!
[00:40:38.939465] Experiment.PerfCost-aa2e Invocation svgnp8qs77kr is cold!
[00:40:38.939582] Experiment.PerfCost-aa2e Invocation ckq74m3ckoir is cold!
[00:40:38.939658] Experiment.PerfCost-aa2e Invocation 8augqvkozvko is cold!
[00:40:38.939744] Experiment.PerfCost-aa2e Processed 135 samples out of 250, 0 errors
[00:41:01.666295] Experiment.PerfCost-aa2e Invocation 25vgr3h82rmm is cold!
[00:41:06.473012] Experiment.PerfCost-aa2e Invocation 6cxmoxr805ya is cold!
[00:41:06.473239] Experiment.PerfCost-aa2e Invocation uk3to4pz2lu8 is cold!
[00:41:06.473820] Experiment.PerfCost-aa2e Invocation 6urnz4zrhstz is cold!
[00:41:06.473934] Experiment.PerfCost-aa2e Processed 181 samples out of 250, 0 errors
[00:41:32.522013] Experiment.PerfCost-aa2e Invocation 19iw4tnwnn7g is cold!
[00:41:32.522230] Experiment.PerfCost-aa2e Invocation a9yqzi7wxorw is cold!
[00:41:32.522308] Experiment.PerfCost-aa2e Invocation 5qwdgi3154vu is cold!
[00:41:32.522603] Experiment.PerfCost-aa2e Invocation 2u7czhhxzk07 is cold!
[00:41:32.522692] Experiment.PerfCost-aa2e Invocation 90i7yva0efsm is cold!
[00:41:32.522784] Experiment.PerfCost-aa2e Processed 226 samples out of 250, 0 errors
[00:41:57.712392] Experiment.PerfCost-aa2e Invocation bzmxtn9elna3 is cold!
[00:41:58.684812] Experiment.PerfCost-aa2e Invocation zglobdsg2frx is cold!
[00:41:59.357451] Experiment.PerfCost-aa2e Invocation va3v7uqlvezi is cold!
[00:41:59.358216] Experiment.PerfCost-aa2e Invocation 7tcj69w6hljj is cold!
[00:41:59.358302] Experiment.PerfCost-aa2e Processed 272 samples out of 250, 0 errors
[00:42:04.361233] Experiment.PerfCost-aa2e Mean 5744.0900110294115 [ms], median 5451.818 [ms], std 1549.2025130679915, CV 26.9703732026016
[00:42:04.362109] Experiment.PerfCost-aa2e Parametric CI (Student's t-distribution) 0.95 from 5558.81557016236 to 5929.364451896463, within 3.2254794146905787% of mean
[00:42:04.362289] Experiment.PerfCost-aa2e Non-parametric CI 0.95 from 5263.367 to 5706.3, within 4.062250427288658% of median
[00:42:04.363046] Experiment.PerfCost-aa2e Parametric CI (Student's t-distribution) 0.99 from 5499.966842577631 to 5988.213179481192, within 4.24998856186153% of mean
[00:42:04.363194] Experiment.PerfCost-aa2e Non-parametric CI 0.99 from 5093.654 to 5830.1, within 6.754132291283383% of median
[00:42:04.390758] Benchmark-2509 Update cached config /home/zia/serverless-benchmarks/experiments/perf_cost/gcp/cache/gcp.json
(python-venv) zia@Zia:~/serverless-benchmarks/experiments/perf_cost/gcp$